
 /----------------------------------------------------------------------------\
 |  yosys -- Yosys Open SYnthesis Suite                                       |
 |  Copyright (C) 2012 - 2026  Claire Xenia Wolf <claire@yosyshq.com>         |
 |  Distributed under an ISC-like license, type "license" to see terms        |
 \----------------------------------------------------------------------------/
 Yosys 0.62+108 (git sha1 5f8489d36-dirty, x86_64-w64-mingw32-g++ 13.2.1 -O3)

-- Executing script file `synthesis/synthe.ys' --

1. Executing Verilog-2005 frontend: rtl/alu.sv
Parsing SystemVerilog input from `rtl/alu.sv' to AST representation.
Generating RTLIL representation for module `\alu'.
Successfully finished Verilog frontend.

2. Executing Verilog-2005 frontend: rtl/alu_decoder.sv
Parsing SystemVerilog input from `rtl/alu_decoder.sv' to AST representation.
Generating RTLIL representation for module `\alu_decoder'.
Successfully finished Verilog frontend.

3. Executing Verilog-2005 frontend: rtl/control_unit.sv
Parsing SystemVerilog input from `rtl/control_unit.sv' to AST representation.
Generating RTLIL representation for module `\control_unit'.
Successfully finished Verilog frontend.

4. Executing Verilog-2005 frontend: rtl/data_path.sv
Parsing SystemVerilog input from `rtl/data_path.sv' to AST representation.
Generating RTLIL representation for module `\data_path'.
Successfully finished Verilog frontend.

5. Executing Verilog-2005 frontend: rtl/extend_imm.sv
Parsing SystemVerilog input from `rtl/extend_imm.sv' to AST representation.
Generating RTLIL representation for module `\extend_imm'.
Successfully finished Verilog frontend.

6. Executing Verilog-2005 frontend: rtl/instruction_memory.sv
Parsing SystemVerilog input from `rtl/instruction_memory.sv' to AST representation.
Generating RTLIL representation for module `\instruction_memory'.
Successfully finished Verilog frontend.

7. Executing Verilog-2005 frontend: rtl/main_decoder.sv
Parsing SystemVerilog input from `rtl/main_decoder.sv' to AST representation.
Generating RTLIL representation for module `\main_decoder'.
Successfully finished Verilog frontend.

8. Executing Verilog-2005 frontend: rtl/program_counter.sv
Parsing SystemVerilog input from `rtl/program_counter.sv' to AST representation.
Generating RTLIL representation for module `\program_counter'.
Successfully finished Verilog frontend.

9. Executing Verilog-2005 frontend: rtl/register_file.sv
Parsing SystemVerilog input from `rtl/register_file.sv' to AST representation.
Generating RTLIL representation for module `\register_file'.
Warning: Replacing memory \internal_register with list of registers. See rtl/register_file.sv:24
Successfully finished Verilog frontend.

10. Executing Verilog-2005 frontend: rtl/top.sv
Parsing SystemVerilog input from `rtl/top.sv' to AST representation.
Generating RTLIL representation for module `\top'.
Successfully finished Verilog frontend.

11. Executing SYNTH pass.

11.1. Executing HIERARCHY pass (managing design hierarchy).

11.1.1. Analyzing design hierarchy..
Top module:  \top
Used module:     \control_unit
Used module:         \alu_decoder
Used module:         \main_decoder
Used module:     \data_path
Used module:         \extend_imm
Used module:         \alu
Used module:         \register_file
Used module:         \instruction_memory
Used module:         \program_counter

11.1.2. Analyzing design hierarchy..
Top module:  \top
Used module:     \control_unit
Used module:         \alu_decoder
Used module:         \main_decoder
Used module:     \data_path
Used module:         \extend_imm
Used module:         \alu
Used module:         \register_file
Used module:         \instruction_memory
Used module:         \program_counter
Removed 0 unused modules.

11.2. Executing PROC pass (convert processes to netlists).

11.2.1. Executing PROC_CLEAN pass (remove empty switches from decision trees).
Removing empty process `instruction_memory.$proc$rtl/instruction_memory.sv:11$33'.
Cleaned up 0 empty switches.

11.2.2. Executing PROC_RMDEAD pass (remove dead branches from decision trees).
Removed 1 dead cases from process $proc$rtl/register_file.sv:17$55 in module register_file.
Marked 1 switch rules as full_case in process $proc$rtl/register_file.sv:17$55 in module register_file.
Removed 1 dead cases from process $proc$rtl/register_file.sv:16$52 in module register_file.
Marked 1 switch rules as full_case in process $proc$rtl/register_file.sv:16$52 in module register_file.
Marked 3 switch rules as full_case in process $proc$rtl/register_file.sv:19$44 in module register_file.
Marked 1 switch rules as full_case in process $proc$rtl/program_counter.sv:9$35 in module program_counter.
Marked 1 switch rules as full_case in process $proc$rtl/main_decoder.sv:16$34 in module main_decoder.
Marked 1 switch rules as full_case in process $proc$rtl/extend_imm.sv:8$30 in module extend_imm.
Removed 1 dead cases from process $proc$rtl/data_path.sv:45$26 in module data_path.
Marked 1 switch rules as full_case in process $proc$rtl/data_path.sv:45$26 in module data_path.
Marked 1 switch rules as full_case in process $proc$rtl/data_path.sv:25$23 in module data_path.
Marked 1 switch rules as full_case in process $proc$rtl/control_unit.sv:22$14 in module control_unit.
Marked 1 switch rules as full_case in process $proc$rtl/alu_decoder.sv:10$13 in module alu_decoder.
Marked 1 switch rules as full_case in process $proc$rtl/alu.sv:16$4 in module alu.
Removed a total of 3 dead cases.

11.2.3. Executing PROC_PRUNE pass (remove redundant assignments in processes).
Removed 1 redundant assignment.
Promoted 20 assignments to connections.

11.2.4. Executing PROC_INIT pass (extract init attributes).

11.2.5. Executing PROC_ARST pass (detect async resets in processes).
Found async reset \rst_n in `\register_file.$proc$rtl/register_file.sv:19$44'.
Found async reset \rst_n in `\program_counter.$proc$rtl/program_counter.sv:9$35'.

11.2.6. Executing PROC_ROM pass (convert switches to ROMs).
Converted 0 switches.
<suppressed ~11 debug messages>

11.2.7. Executing PROC_MUX pass (convert decision trees to multiplexers).
Creating decoders for process `\register_file.$proc$rtl/register_file.sv:17$55'.
     1/1: $1$mem2reg_rd$\internal_register$rtl/register_file.sv:17$38_DATA[31:0]$57
Creating decoders for process `\register_file.$proc$rtl/register_file.sv:16$52'.
     1/1: $1$mem2reg_rd$\internal_register$rtl/register_file.sv:16$37_DATA[31:0]$54
Creating decoders for process `\register_file.$proc$rtl/register_file.sv:19$44'.
     1/36: $2$mem2reg_wr$\internal_register$rtl/register_file.sv:24$39_ADDR[4:0]$50
     2/36: $2$mem2reg_wr$\internal_register$rtl/register_file.sv:24$39_DATA[31:0]$51
     3/36: $1$mem2reg_wr$\internal_register$rtl/register_file.sv:24$39_DATA[31:0]$49
     4/36: $1$mem2reg_wr$\internal_register$rtl/register_file.sv:24$39_ADDR[4:0]$48
     5/36: $0\internal_register[31][31:0]
     6/36: $0\internal_register[30][31:0]
     7/36: $0\internal_register[29][31:0]
     8/36: $0\internal_register[28][31:0]
     9/36: $0\internal_register[27][31:0]
    10/36: $0\internal_register[26][31:0]
    11/36: $0\internal_register[25][31:0]
    12/36: $0\internal_register[24][31:0]
    13/36: $0\internal_register[23][31:0]
    14/36: $0\internal_register[22][31:0]
    15/36: $0\internal_register[21][31:0]
    16/36: $0\internal_register[20][31:0]
    17/36: $0\internal_register[19][31:0]
    18/36: $0\internal_register[18][31:0]
    19/36: $0\internal_register[17][31:0]
    20/36: $0\internal_register[16][31:0]
    21/36: $0\internal_register[15][31:0]
    22/36: $0\internal_register[14][31:0]
    23/36: $0\internal_register[13][31:0]
    24/36: $0\internal_register[12][31:0]
    25/36: $0\internal_register[11][31:0]
    26/36: $0\internal_register[10][31:0]
    27/36: $0\internal_register[9][31:0]
    28/36: $0\internal_register[8][31:0]
    29/36: $0\internal_register[7][31:0]
    30/36: $0\internal_register[6][31:0]
    31/36: $0\internal_register[5][31:0]
    32/36: $0\internal_register[4][31:0]
    33/36: $0\internal_register[3][31:0]
    34/36: $0\internal_register[2][31:0]
    35/36: $0\internal_register[1][31:0]
    36/36: $0\internal_register[0][31:0]
Creating decoders for process `\program_counter.$proc$rtl/program_counter.sv:9$35'.
     1/1: $0\pc[31:0]
Creating decoders for process `\main_decoder.$proc$rtl/main_decoder.sv:16$34'.
     1/10: $1\jumpr[0:0]
     2/10: $1\jump[0:0]
     3/10: $1\alu_op[1:0]
     4/10: $1\branch[0:0]
     5/10: $1\result_src[1:0]
     6/10: $1\mem_write[0:0]
     7/10: $1\alu_src_b[0:0]
     8/10: $1\alu_src_a[0:0]
     9/10: $1\imm_src[2:0]
    10/10: $1\reg_write[0:0]
Creating decoders for process `\extend_imm.$proc$rtl/extend_imm.sv:8$30'.
     1/1: $1\imm_ext[31:0]
Creating decoders for process `\data_path.$proc$rtl/data_path.sv:45$26'.
     1/1: $1\wd3_net[31:0]
Creating decoders for process `\data_path.$proc$rtl/data_path.sv:25$23'.
     1/1: $1\pc_next_net[31:0]
Creating decoders for process `\control_unit.$proc$rtl/control_unit.sv:22$14'.
     1/1: $1\take_branch[0:0]
Creating decoders for process `\alu_decoder.$proc$rtl/alu_decoder.sv:10$13'.
     1/1: $1\alu_control[3:0]
Creating decoders for process `\alu.$proc$rtl/alu.sv:16$4'.
     1/1: $1\alu_result[31:0]

11.2.8. Executing PROC_DLATCH pass (convert process syncs to latches).
No latch inferred for signal `\register_file.$mem2reg_rd$\internal_register$rtl/register_file.sv:17$38_DATA' from process `\register_file.$proc$rtl/register_file.sv:17$55'.
No latch inferred for signal `\register_file.$mem2reg_rd$\internal_register$rtl/register_file.sv:16$37_DATA' from process `\register_file.$proc$rtl/register_file.sv:16$52'.
No latch inferred for signal `\main_decoder.\alu_op' from process `\main_decoder.$proc$rtl/main_decoder.sv:16$34'.
No latch inferred for signal `\main_decoder.\result_src' from process `\main_decoder.$proc$rtl/main_decoder.sv:16$34'.
No latch inferred for signal `\main_decoder.\mem_write' from process `\main_decoder.$proc$rtl/main_decoder.sv:16$34'.
No latch inferred for signal `\main_decoder.\alu_src_a' from process `\main_decoder.$proc$rtl/main_decoder.sv:16$34'.
No latch inferred for signal `\main_decoder.\alu_src_b' from process `\main_decoder.$proc$rtl/main_decoder.sv:16$34'.
No latch inferred for signal `\main_decoder.\imm_src' from process `\main_decoder.$proc$rtl/main_decoder.sv:16$34'.
No latch inferred for signal `\main_decoder.\reg_write' from process `\main_decoder.$proc$rtl/main_decoder.sv:16$34'.
No latch inferred for signal `\main_decoder.\branch' from process `\main_decoder.$proc$rtl/main_decoder.sv:16$34'.
No latch inferred for signal `\main_decoder.\jump' from process `\main_decoder.$proc$rtl/main_decoder.sv:16$34'.
No latch inferred for signal `\main_decoder.\jumpr' from process `\main_decoder.$proc$rtl/main_decoder.sv:16$34'.
No latch inferred for signal `\extend_imm.\imm_ext' from process `\extend_imm.$proc$rtl/extend_imm.sv:8$30'.
No latch inferred for signal `\data_path.\wd3_net' from process `\data_path.$proc$rtl/data_path.sv:45$26'.
No latch inferred for signal `\data_path.\pc_next_net' from process `\data_path.$proc$rtl/data_path.sv:25$23'.
No latch inferred for signal `\control_unit.\take_branch' from process `\control_unit.$proc$rtl/control_unit.sv:22$14'.
No latch inferred for signal `\alu_decoder.\alu_control' from process `\alu_decoder.$proc$rtl/alu_decoder.sv:10$13'.
No latch inferred for signal `\alu.\alu_result' from process `\alu.$proc$rtl/alu.sv:16$4'.

11.2.9. Executing PROC_DFF pass (convert process syncs to FFs).
Creating register for signal `\register_file.\internal_register[0]' using process `\register_file.$proc$rtl/register_file.sv:19$44'.
  created $dff cell `$procdff$908' with positive edge clock.
Creating register for signal `\register_file.\internal_register[1]' using process `\register_file.$proc$rtl/register_file.sv:19$44'.
  created $dff cell `$procdff$915' with positive edge clock.
Creating register for signal `\register_file.\internal_register[2]' using process `\register_file.$proc$rtl/register_file.sv:19$44'.
  created $dff cell `$procdff$922' with positive edge clock.
Creating register for signal `\register_file.\internal_register[3]' using process `\register_file.$proc$rtl/register_file.sv:19$44'.
  created $dff cell `$procdff$929' with positive edge clock.
Creating register for signal `\register_file.\internal_register[4]' using process `\register_file.$proc$rtl/register_file.sv:19$44'.
  created $dff cell `$procdff$936' with positive edge clock.
Creating register for signal `\register_file.\internal_register[5]' using process `\register_file.$proc$rtl/register_file.sv:19$44'.
  created $dff cell `$procdff$943' with positive edge clock.
Creating register for signal `\register_file.\internal_register[6]' using process `\register_file.$proc$rtl/register_file.sv:19$44'.
  created $dff cell `$procdff$950' with positive edge clock.
Creating register for signal `\register_file.\internal_register[7]' using process `\register_file.$proc$rtl/register_file.sv:19$44'.
  created $dff cell `$procdff$957' with positive edge clock.
Creating register for signal `\register_file.\internal_register[8]' using process `\register_file.$proc$rtl/register_file.sv:19$44'.
  created $dff cell `$procdff$964' with positive edge clock.
Creating register for signal `\register_file.\internal_register[9]' using process `\register_file.$proc$rtl/register_file.sv:19$44'.
  created $dff cell `$procdff$971' with positive edge clock.
Creating register for signal `\register_file.\internal_register[10]' using process `\register_file.$proc$rtl/register_file.sv:19$44'.
  created $dff cell `$procdff$978' with positive edge clock.
Creating register for signal `\register_file.\internal_register[11]' using process `\register_file.$proc$rtl/register_file.sv:19$44'.
  created $dff cell `$procdff$985' with positive edge clock.
Creating register for signal `\register_file.\internal_register[12]' using process `\register_file.$proc$rtl/register_file.sv:19$44'.
  created $dff cell `$procdff$992' with positive edge clock.
Creating register for signal `\register_file.\internal_register[13]' using process `\register_file.$proc$rtl/register_file.sv:19$44'.
  created $dff cell `$procdff$999' with positive edge clock.
Creating register for signal `\register_file.\internal_register[14]' using process `\register_file.$proc$rtl/register_file.sv:19$44'.
  created $dff cell `$procdff$1006' with positive edge clock.
Creating register for signal `\register_file.\internal_register[15]' using process `\register_file.$proc$rtl/register_file.sv:19$44'.
  created $dff cell `$procdff$1013' with positive edge clock.
Creating register for signal `\register_file.\internal_register[16]' using process `\register_file.$proc$rtl/register_file.sv:19$44'.
  created $dff cell `$procdff$1020' with positive edge clock.
Creating register for signal `\register_file.\internal_register[17]' using process `\register_file.$proc$rtl/register_file.sv:19$44'.
  created $dff cell `$procdff$1027' with positive edge clock.
Creating register for signal `\register_file.\internal_register[18]' using process `\register_file.$proc$rtl/register_file.sv:19$44'.
  created $dff cell `$procdff$1034' with positive edge clock.
Creating register for signal `\register_file.\internal_register[19]' using process `\register_file.$proc$rtl/register_file.sv:19$44'.
  created $dff cell `$procdff$1041' with positive edge clock.
Creating register for signal `\register_file.\internal_register[20]' using process `\register_file.$proc$rtl/register_file.sv:19$44'.
  created $dff cell `$procdff$1048' with positive edge clock.
Creating register for signal `\register_file.\internal_register[21]' using process `\register_file.$proc$rtl/register_file.sv:19$44'.
  created $dff cell `$procdff$1055' with positive edge clock.
Creating register for signal `\register_file.\internal_register[22]' using process `\register_file.$proc$rtl/register_file.sv:19$44'.
  created $dff cell `$procdff$1062' with positive edge clock.
Creating register for signal `\register_file.\internal_register[23]' using process `\register_file.$proc$rtl/register_file.sv:19$44'.
  created $dff cell `$procdff$1069' with positive edge clock.
Creating register for signal `\register_file.\internal_register[24]' using process `\register_file.$proc$rtl/register_file.sv:19$44'.
  created $dff cell `$procdff$1076' with positive edge clock.
Creating register for signal `\register_file.\internal_register[25]' using process `\register_file.$proc$rtl/register_file.sv:19$44'.
  created $dff cell `$procdff$1083' with positive edge clock.
Creating register for signal `\register_file.\internal_register[26]' using process `\register_file.$proc$rtl/register_file.sv:19$44'.
  created $dff cell `$procdff$1090' with positive edge clock.
Creating register for signal `\register_file.\internal_register[27]' using process `\register_file.$proc$rtl/register_file.sv:19$44'.
  created $dff cell `$procdff$1097' with positive edge clock.
Creating register for signal `\register_file.\internal_register[28]' using process `\register_file.$proc$rtl/register_file.sv:19$44'.
  created $dff cell `$procdff$1104' with positive edge clock.
Creating register for signal `\register_file.\internal_register[29]' using process `\register_file.$proc$rtl/register_file.sv:19$44'.
  created $dff cell `$procdff$1111' with positive edge clock.
Creating register for signal `\register_file.\internal_register[30]' using process `\register_file.$proc$rtl/register_file.sv:19$44'.
  created $dff cell `$procdff$1118' with positive edge clock.
Creating register for signal `\register_file.\internal_register[31]' using process `\register_file.$proc$rtl/register_file.sv:19$44'.
  created $dff cell `$procdff$1125' with positive edge clock.
Creating register for signal `\register_file.$mem2reg_wr$\internal_register$rtl/register_file.sv:24$39_ADDR' using process `\register_file.$proc$rtl/register_file.sv:19$44'.
  created $adff cell `$procdff$1130' with positive edge clock and positive level reset.
Creating register for signal `\register_file.$mem2reg_wr$\internal_register$rtl/register_file.sv:24$39_DATA' using process `\register_file.$proc$rtl/register_file.sv:19$44'.
  created $adff cell `$procdff$1135' with positive edge clock and positive level reset.
Creating register for signal `\program_counter.\pc' using process `\program_counter.$proc$rtl/program_counter.sv:9$35'.
  created $adff cell `$procdff$1140' with positive edge clock and positive level reset.

11.2.10. Executing PROC_MEMWR pass (convert process memory writes to cells).

11.2.11. Executing PROC_CLEAN pass (remove empty switches from decision trees).
Found and cleaned up 1 empty switch in `\register_file.$proc$rtl/register_file.sv:17$55'.
Removing empty process `register_file.$proc$rtl/register_file.sv:17$55'.
Found and cleaned up 1 empty switch in `\register_file.$proc$rtl/register_file.sv:16$52'.
Removing empty process `register_file.$proc$rtl/register_file.sv:16$52'.
Found and cleaned up 2 empty switches in `\register_file.$proc$rtl/register_file.sv:19$44'.
Removing empty process `register_file.$proc$rtl/register_file.sv:19$44'.
Removing empty process `program_counter.$proc$rtl/program_counter.sv:9$35'.
Found and cleaned up 1 empty switch in `\main_decoder.$proc$rtl/main_decoder.sv:16$34'.
Removing empty process `main_decoder.$proc$rtl/main_decoder.sv:16$34'.
Found and cleaned up 1 empty switch in `\extend_imm.$proc$rtl/extend_imm.sv:8$30'.
Removing empty process `extend_imm.$proc$rtl/extend_imm.sv:8$30'.
Found and cleaned up 1 empty switch in `\data_path.$proc$rtl/data_path.sv:45$26'.
Removing empty process `data_path.$proc$rtl/data_path.sv:45$26'.
Found and cleaned up 1 empty switch in `\data_path.$proc$rtl/data_path.sv:25$23'.
Removing empty process `data_path.$proc$rtl/data_path.sv:25$23'.
Found and cleaned up 1 empty switch in `\control_unit.$proc$rtl/control_unit.sv:22$14'.
Removing empty process `control_unit.$proc$rtl/control_unit.sv:22$14'.
Found and cleaned up 1 empty switch in `\alu_decoder.$proc$rtl/alu_decoder.sv:10$13'.
Removing empty process `alu_decoder.$proc$rtl/alu_decoder.sv:10$13'.
Found and cleaned up 1 empty switch in `\alu.$proc$rtl/alu.sv:16$4'.
Removing empty process `alu.$proc$rtl/alu.sv:16$4'.
Cleaned up 11 empty switches.

11.2.12. Executing OPT_EXPR pass (perform const folding).
Optimizing module top.
Optimizing module register_file.
<suppressed ~73 debug messages>
Optimizing module program_counter.
<suppressed ~2 debug messages>
Optimizing module main_decoder.
Optimizing module instruction_memory.
Optimizing module extend_imm.
<suppressed ~1 debug messages>
Optimizing module data_path.
<suppressed ~2 debug messages>
Optimizing module control_unit.
<suppressed ~7 debug messages>
Optimizing module alu_decoder.
Optimizing module alu.
<suppressed ~2 debug messages>

11.3. Executing OPT_EXPR pass (perform const folding).
Optimizing module top.
Optimizing module register_file.
Optimizing module program_counter.
Optimizing module main_decoder.
Optimizing module instruction_memory.
Optimizing module extend_imm.
Optimizing module data_path.
Optimizing module control_unit.
Optimizing module alu_decoder.
Optimizing module alu.

11.4. Executing OPT_CLEAN pass (remove unused cells and wires).
Finding unused cells or wires in module \top..
Finding unused cells or wires in module \register_file..
Finding unused cells or wires in module \program_counter..
Finding unused cells or wires in module \main_decoder..
Finding unused cells or wires in module \instruction_memory..
Finding unused cells or wires in module \extend_imm..
Finding unused cells or wires in module \data_path..
Finding unused cells or wires in module \control_unit..
Finding unused cells or wires in module \alu_decoder..
Finding unused cells or wires in module \alu..
Removed 41 unused cells and 217 unused wires.
<suppressed ~50 debug messages>

11.5. Executing CHECK pass (checking for obvious problems).
Checking module top...
Checking module register_file...
Checking module program_counter...
Checking module main_decoder...
Checking module instruction_memory...
Checking module extend_imm...
Checking module data_path...
Checking module control_unit...
Checking module alu_decoder...
Checking module alu...
Found and reported 0 problems.

11.6. Executing OPT pass (performing simple optimizations).

11.6.1. Executing OPT_EXPR pass (perform const folding).
Optimizing module top.
Optimizing module register_file.
Optimizing module program_counter.
Optimizing module main_decoder.
Optimizing module instruction_memory.
Optimizing module extend_imm.
Optimizing module data_path.
Optimizing module control_unit.
Optimizing module alu_decoder.
Optimizing module alu.

11.6.2. Executing OPT_MERGE pass (detect identical cells).
Finding identical cells in module `\top'.
Computing hashes of 2 cells of `\top'.
Finding duplicate cells in `\top'.
Finding identical cells in module `\register_file'.
Computing hashes of 230 cells of `\register_file'.
Finding duplicate cells in `\register_file'.
Computing hashes of 228 cells of `\register_file'.
Finding duplicate cells in `\register_file'.
<suppressed ~6 debug messages>
Finding identical cells in module `\program_counter'.
Computing hashes of 1 cells of `\program_counter'.
Finding duplicate cells in `\program_counter'.
Finding identical cells in module `\main_decoder'.
Computing hashes of 40 cells of `\main_decoder'.
Finding duplicate cells in `\main_decoder'.
Computing hashes of 19 cells of `\main_decoder'.
Finding duplicate cells in `\main_decoder'.
<suppressed ~63 debug messages>
Finding identical cells in module `\instruction_memory'.
Computing hashes of 2 cells of `\instruction_memory'.
Finding duplicate cells in `\instruction_memory'.
Finding identical cells in module `\extend_imm'.
Computing hashes of 6 cells of `\extend_imm'.
Finding duplicate cells in `\extend_imm'.
Finding identical cells in module `\data_path'.
Computing hashes of 19 cells of `\data_path'.
Finding duplicate cells in `\data_path'.
Computing hashes of 18 cells of `\data_path'.
Finding duplicate cells in `\data_path'.
<suppressed ~3 debug messages>
Finding identical cells in module `\control_unit'.
Computing hashes of 14 cells of `\control_unit'.
Finding duplicate cells in `\control_unit'.
Finding identical cells in module `\alu_decoder'.
Computing hashes of 9 cells of `\alu_decoder'.
Finding duplicate cells in `\alu_decoder'.
Finding identical cells in module `\alu'.
Computing hashes of 20 cells of `\alu'.
Finding duplicate cells in `\alu'.
Removed a total of 24 cells.

11.6.3. Executing OPT_MUXTREE pass (detect dead branches in mux trees).
Running muxtree optimizer on module \top..
  Creating internal representation of mux trees.
  No muxes found in this module.
Running muxtree optimizer on module \register_file..
  Creating internal representation of mux trees.
  Evaluating internal representation of mux trees.
  Analyzing evaluation results.
    dead port 32/33 on $pmux $procmux$91.
    dead port 32/33 on $pmux $procmux$58.
Running muxtree optimizer on module \program_counter..
  Creating internal representation of mux trees.
  No muxes found in this module.
Running muxtree optimizer on module \main_decoder..
  Creating internal representation of mux trees.
  Evaluating internal representation of mux trees.
  Analyzing evaluation results.
Running muxtree optimizer on module \instruction_memory..
  Creating internal representation of mux trees.
  No muxes found in this module.
Running muxtree optimizer on module \extend_imm..
  Creating internal representation of mux trees.
  Evaluating internal representation of mux trees.
  Analyzing evaluation results.
Running muxtree optimizer on module \data_path..
  Creating internal representation of mux trees.
  Evaluating internal representation of mux trees.
  Analyzing evaluation results.
Running muxtree optimizer on module \control_unit..
  Creating internal representation of mux trees.
  Evaluating internal representation of mux trees.
  Analyzing evaluation results.
Running muxtree optimizer on module \alu_decoder..
  Creating internal representation of mux trees.
  Evaluating internal representation of mux trees.
  Analyzing evaluation results.
Running muxtree optimizer on module \alu..
  Creating internal representation of mux trees.
  Evaluating internal representation of mux trees.
  Analyzing evaluation results.
Removed 2 multiplexer ports.
<suppressed ~170 debug messages>

11.6.4. Executing OPT_REDUCE pass (consolidate $*mux and $reduce_* inputs).
  Optimizing cells in module \top.
  Optimizing cells in module \register_file.
  Optimizing cells in module \program_counter.
  Optimizing cells in module \main_decoder.
    New ctrl vector for $pmux cell $procmux$842: { $procmux$847_CMP $procmux$846_CMP $procmux$853_CMP $auto$opt_reduce.cc:137:opt_pmux$1142 }
    New ctrl vector for $pmux cell $procmux$816: { $procmux$856_CMP $auto$opt_reduce.cc:137:opt_pmux$1144 $procmux$851_CMP }
    New ctrl vector for $pmux cell $procmux$801: { $procmux$846_CMP $auto$opt_reduce.cc:137:opt_pmux$1146 }
    New ctrl vector for $pmux cell $procmux$849: $auto$opt_reduce.cc:137:opt_pmux$1148
    New ctrl vector for $pmux cell $procmux$832: $auto$opt_reduce.cc:137:opt_pmux$1150
  Optimizing cells in module \main_decoder.
  Optimizing cells in module \instruction_memory.
  Optimizing cells in module \extend_imm.
  Optimizing cells in module \data_path.
  Optimizing cells in module \control_unit.
  Optimizing cells in module \alu_decoder.
    New ctrl vector for $pmux cell $procmux$883: { $auto$opt_reduce.cc:137:opt_pmux$1152 $procmux$889_CMP $procmux$888_CMP $procmux$887_CMP $procmux$886_CMP $procmux$885_CMP $procmux$884_CMP }
  Optimizing cells in module \alu_decoder.
  Optimizing cells in module \alu.
Performed a total of 6 changes.

11.6.5. Executing OPT_MERGE pass (detect identical cells).
Finding identical cells in module `\top'.
Computing hashes of 2 cells of `\top'.
Finding duplicate cells in `\top'.
Finding identical cells in module `\register_file'.
Computing hashes of 228 cells of `\register_file'.
Finding duplicate cells in `\register_file'.
Finding identical cells in module `\program_counter'.
Computing hashes of 1 cells of `\program_counter'.
Finding duplicate cells in `\program_counter'.
Finding identical cells in module `\main_decoder'.
Computing hashes of 24 cells of `\main_decoder'.
Finding duplicate cells in `\main_decoder'.
Finding identical cells in module `\instruction_memory'.
Computing hashes of 2 cells of `\instruction_memory'.
Finding duplicate cells in `\instruction_memory'.
Finding identical cells in module `\extend_imm'.
Computing hashes of 6 cells of `\extend_imm'.
Finding duplicate cells in `\extend_imm'.
Finding identical cells in module `\data_path'.
Computing hashes of 18 cells of `\data_path'.
Finding duplicate cells in `\data_path'.
Finding identical cells in module `\control_unit'.
Computing hashes of 14 cells of `\control_unit'.
Finding duplicate cells in `\control_unit'.
Finding identical cells in module `\alu_decoder'.
Computing hashes of 10 cells of `\alu_decoder'.
Finding duplicate cells in `\alu_decoder'.
Finding identical cells in module `\alu'.
Computing hashes of 20 cells of `\alu'.
Finding duplicate cells in `\alu'.
Removed a total of 0 cells.

11.6.6. Executing OPT_DFF pass (perform DFF optimizations).

11.6.7. Executing OPT_CLEAN pass (remove unused cells and wires).
Finding unused cells or wires in module \top..
Finding unused cells or wires in module \register_file..
Finding unused cells or wires in module \program_counter..
Finding unused cells or wires in module \main_decoder..
Finding unused cells or wires in module \instruction_memory..
Finding unused cells or wires in module \extend_imm..
Finding unused cells or wires in module \data_path..
Finding unused cells or wires in module \control_unit..
Finding unused cells or wires in module \alu_decoder..
Finding unused cells or wires in module \alu..
Removed 5 unused cells and 29 unused wires.
<suppressed ~9 debug messages>

11.6.8. Executing OPT_EXPR pass (perform const folding).
Optimizing module top.
Optimizing module register_file.
Optimizing module program_counter.
Optimizing module main_decoder.
Optimizing module instruction_memory.
Optimizing module extend_imm.
Optimizing module data_path.
Optimizing module control_unit.
Optimizing module alu_decoder.
Optimizing module alu.

11.6.9. Rerunning OPT passes. (Maybe there is more to do..)

11.6.10. Executing OPT_MUXTREE pass (detect dead branches in mux trees).
Running muxtree optimizer on module \top..
  Creating internal representation of mux trees.
  No muxes found in this module.
Running muxtree optimizer on module \register_file..
  Creating internal representation of mux trees.
  Evaluating internal representation of mux trees.
  Analyzing evaluation results.
Running muxtree optimizer on module \program_counter..
  Creating internal representation of mux trees.
  No muxes found in this module.
Running muxtree optimizer on module \main_decoder..
  Creating internal representation of mux trees.
  Evaluating internal representation of mux trees.
  Analyzing evaluation results.
Running muxtree optimizer on module \instruction_memory..
  Creating internal representation of mux trees.
  No muxes found in this module.
Running muxtree optimizer on module \extend_imm..
  Creating internal representation of mux trees.
  Evaluating internal representation of mux trees.
  Analyzing evaluation results.
Running muxtree optimizer on module \data_path..
  Creating internal representation of mux trees.
  Evaluating internal representation of mux trees.
  Analyzing evaluation results.
Running muxtree optimizer on module \control_unit..
  Creating internal representation of mux trees.
  Evaluating internal representation of mux trees.
  Analyzing evaluation results.
Running muxtree optimizer on module \alu_decoder..
  Creating internal representation of mux trees.
  Evaluating internal representation of mux trees.
  Analyzing evaluation results.
Running muxtree optimizer on module \alu..
  Creating internal representation of mux trees.
  Evaluating internal representation of mux trees.
  Analyzing evaluation results.
Removed 0 multiplexer ports.
<suppressed ~166 debug messages>

11.6.11. Executing OPT_REDUCE pass (consolidate $*mux and $reduce_* inputs).
  Optimizing cells in module \top.
  Optimizing cells in module \register_file.
  Optimizing cells in module \program_counter.
  Optimizing cells in module \main_decoder.
  Optimizing cells in module \instruction_memory.
  Optimizing cells in module \extend_imm.
  Optimizing cells in module \data_path.
  Optimizing cells in module \control_unit.
  Optimizing cells in module \alu_decoder.
  Optimizing cells in module \alu.
Performed a total of 0 changes.

11.6.12. Executing OPT_MERGE pass (detect identical cells).
Finding identical cells in module `\top'.
Computing hashes of 2 cells of `\top'.
Finding duplicate cells in `\top'.
Finding identical cells in module `\register_file'.
Computing hashes of 223 cells of `\register_file'.
Finding duplicate cells in `\register_file'.
Finding identical cells in module `\program_counter'.
Computing hashes of 1 cells of `\program_counter'.
Finding duplicate cells in `\program_counter'.
Finding identical cells in module `\main_decoder'.
Computing hashes of 24 cells of `\main_decoder'.
Finding duplicate cells in `\main_decoder'.
Finding identical cells in module `\instruction_memory'.
Computing hashes of 2 cells of `\instruction_memory'.
Finding duplicate cells in `\instruction_memory'.
Finding identical cells in module `\extend_imm'.
Computing hashes of 6 cells of `\extend_imm'.
Finding duplicate cells in `\extend_imm'.
Finding identical cells in module `\data_path'.
Computing hashes of 18 cells of `\data_path'.
Finding duplicate cells in `\data_path'.
Finding identical cells in module `\control_unit'.
Computing hashes of 14 cells of `\control_unit'.
Finding duplicate cells in `\control_unit'.
Finding identical cells in module `\alu_decoder'.
Computing hashes of 10 cells of `\alu_decoder'.
Finding duplicate cells in `\alu_decoder'.
Finding identical cells in module `\alu'.
Computing hashes of 20 cells of `\alu'.
Finding duplicate cells in `\alu'.
Removed a total of 0 cells.

11.6.13. Executing OPT_DFF pass (perform DFF optimizations).

11.6.14. Executing OPT_CLEAN pass (remove unused cells and wires).
Finding unused cells or wires in module \top..
Finding unused cells or wires in module \register_file..
Finding unused cells or wires in module \program_counter..
Finding unused cells or wires in module \main_decoder..
Finding unused cells or wires in module \instruction_memory..
Finding unused cells or wires in module \extend_imm..
Finding unused cells or wires in module \data_path..
Finding unused cells or wires in module \control_unit..
Finding unused cells or wires in module \alu_decoder..
Finding unused cells or wires in module \alu..

11.6.15. Executing OPT_EXPR pass (perform const folding).
Optimizing module top.
Optimizing module register_file.
Optimizing module program_counter.
Optimizing module main_decoder.
Optimizing module instruction_memory.
Optimizing module extend_imm.
Optimizing module data_path.
Optimizing module control_unit.
Optimizing module alu_decoder.
Optimizing module alu.

11.6.16. Finished fast OPT passes. (There is nothing left to do.)

11.7. Executing FSM pass (extract and optimize FSM).

11.7.1. Executing FSM_DETECT pass (finding FSMs in design).

11.7.2. Executing FSM_EXTRACT pass (extracting FSM from design).

11.7.3. Executing FSM_OPT pass (simple optimizations of FSMs).

11.7.4. Executing OPT_CLEAN pass (remove unused cells and wires).
Finding unused cells or wires in module \top..
Finding unused cells or wires in module \register_file..
Finding unused cells or wires in module \program_counter..
Finding unused cells or wires in module \main_decoder..
Finding unused cells or wires in module \instruction_memory..
Finding unused cells or wires in module \extend_imm..
Finding unused cells or wires in module \data_path..
Finding unused cells or wires in module \control_unit..
Finding unused cells or wires in module \alu_decoder..
Finding unused cells or wires in module \alu..

11.7.5. Executing FSM_OPT pass (simple optimizations of FSMs).

11.7.6. Executing FSM_RECODE pass (re-assigning FSM state encoding).

11.7.7. Executing FSM_INFO pass (dumping all available information on FSM cells).

11.7.8. Executing FSM_MAP pass (mapping FSMs to basic logic).

11.8. Executing OPT pass (performing simple optimizations).

11.8.1. Executing OPT_EXPR pass (perform const folding).
Optimizing module top.
Optimizing module register_file.
Optimizing module program_counter.
Optimizing module main_decoder.
Optimizing module instruction_memory.
Optimizing module extend_imm.
Optimizing module data_path.
Optimizing module control_unit.
Optimizing module alu_decoder.
Optimizing module alu.

11.8.2. Executing OPT_MERGE pass (detect identical cells).
Finding identical cells in module `\top'.
Computing hashes of 2 cells of `\top'.
Finding duplicate cells in `\top'.
Finding identical cells in module `\register_file'.
Computing hashes of 223 cells of `\register_file'.
Finding duplicate cells in `\register_file'.
Finding identical cells in module `\program_counter'.
Computing hashes of 1 cells of `\program_counter'.
Finding duplicate cells in `\program_counter'.
Finding identical cells in module `\main_decoder'.
Computing hashes of 24 cells of `\main_decoder'.
Finding duplicate cells in `\main_decoder'.
Finding identical cells in module `\instruction_memory'.
Computing hashes of 2 cells of `\instruction_memory'.
Finding duplicate cells in `\instruction_memory'.
Finding identical cells in module `\extend_imm'.
Computing hashes of 6 cells of `\extend_imm'.
Finding duplicate cells in `\extend_imm'.
Finding identical cells in module `\data_path'.
Computing hashes of 18 cells of `\data_path'.
Finding duplicate cells in `\data_path'.
Finding identical cells in module `\control_unit'.
Computing hashes of 14 cells of `\control_unit'.
Finding duplicate cells in `\control_unit'.
Finding identical cells in module `\alu_decoder'.
Computing hashes of 10 cells of `\alu_decoder'.
Finding duplicate cells in `\alu_decoder'.
Finding identical cells in module `\alu'.
Computing hashes of 20 cells of `\alu'.
Finding duplicate cells in `\alu'.
Removed a total of 0 cells.

11.8.3. Executing OPT_MUXTREE pass (detect dead branches in mux trees).
Running muxtree optimizer on module \top..
  Creating internal representation of mux trees.
  No muxes found in this module.
Running muxtree optimizer on module \register_file..
  Creating internal representation of mux trees.
  Evaluating internal representation of mux trees.
  Analyzing evaluation results.
Running muxtree optimizer on module \program_counter..
  Creating internal representation of mux trees.
  No muxes found in this module.
Running muxtree optimizer on module \main_decoder..
  Creating internal representation of mux trees.
  Evaluating internal representation of mux trees.
  Analyzing evaluation results.
Running muxtree optimizer on module \instruction_memory..
  Creating internal representation of mux trees.
  No muxes found in this module.
Running muxtree optimizer on module \extend_imm..
  Creating internal representation of mux trees.
  Evaluating internal representation of mux trees.
  Analyzing evaluation results.
Running muxtree optimizer on module \data_path..
  Creating internal representation of mux trees.
  Evaluating internal representation of mux trees.
  Analyzing evaluation results.
Running muxtree optimizer on module \control_unit..
  Creating internal representation of mux trees.
  Evaluating internal representation of mux trees.
  Analyzing evaluation results.
Running muxtree optimizer on module \alu_decoder..
  Creating internal representation of mux trees.
  Evaluating internal representation of mux trees.
  Analyzing evaluation results.
Running muxtree optimizer on module \alu..
  Creating internal representation of mux trees.
  Evaluating internal representation of mux trees.
  Analyzing evaluation results.
Removed 0 multiplexer ports.
<suppressed ~166 debug messages>

11.8.4. Executing OPT_REDUCE pass (consolidate $*mux and $reduce_* inputs).
  Optimizing cells in module \top.
  Optimizing cells in module \register_file.
  Optimizing cells in module \program_counter.
  Optimizing cells in module \main_decoder.
  Optimizing cells in module \instruction_memory.
  Optimizing cells in module \extend_imm.
  Optimizing cells in module \data_path.
  Optimizing cells in module \control_unit.
  Optimizing cells in module \alu_decoder.
  Optimizing cells in module \alu.
Performed a total of 0 changes.

11.8.5. Executing OPT_MERGE pass (detect identical cells).
Finding identical cells in module `\top'.
Computing hashes of 2 cells of `\top'.
Finding duplicate cells in `\top'.
Finding identical cells in module `\register_file'.
Computing hashes of 223 cells of `\register_file'.
Finding duplicate cells in `\register_file'.
Finding identical cells in module `\program_counter'.
Computing hashes of 1 cells of `\program_counter'.
Finding duplicate cells in `\program_counter'.
Finding identical cells in module `\main_decoder'.
Computing hashes of 24 cells of `\main_decoder'.
Finding duplicate cells in `\main_decoder'.
Finding identical cells in module `\instruction_memory'.
Computing hashes of 2 cells of `\instruction_memory'.
Finding duplicate cells in `\instruction_memory'.
Finding identical cells in module `\extend_imm'.
Computing hashes of 6 cells of `\extend_imm'.
Finding duplicate cells in `\extend_imm'.
Finding identical cells in module `\data_path'.
Computing hashes of 18 cells of `\data_path'.
Finding duplicate cells in `\data_path'.
Finding identical cells in module `\control_unit'.
Computing hashes of 14 cells of `\control_unit'.
Finding duplicate cells in `\control_unit'.
Finding identical cells in module `\alu_decoder'.
Computing hashes of 10 cells of `\alu_decoder'.
Finding duplicate cells in `\alu_decoder'.
Finding identical cells in module `\alu'.
Computing hashes of 20 cells of `\alu'.
Finding duplicate cells in `\alu'.
Removed a total of 0 cells.

11.8.6. Executing OPT_DFF pass (perform DFF optimizations).
Adding EN signal on $procdff$1006 ($dff) from module register_file (D = \wd3, Q = \internal_register[14]).
Adding EN signal on $procdff$1069 ($dff) from module register_file (D = \wd3, Q = \internal_register[23]).
Adding EN signal on $procdff$1013 ($dff) from module register_file (D = \wd3, Q = \internal_register[15]).
Adding EN signal on $procdff$999 ($dff) from module register_file (D = \wd3, Q = \internal_register[13]).
Adding EN signal on $procdff$1062 ($dff) from module register_file (D = \wd3, Q = \internal_register[22]).
Adding EN signal on $procdff$1020 ($dff) from module register_file (D = \wd3, Q = \internal_register[16]).
Adding EN signal on $procdff$1076 ($dff) from module register_file (D = \wd3, Q = \internal_register[24]).
Adding EN signal on $procdff$915 ($dff) from module register_file (D = \wd3, Q = \internal_register[1]).
Adding EN signal on $procdff$1048 ($dff) from module register_file (D = \wd3, Q = \internal_register[20]).
Adding EN signal on $procdff$922 ($dff) from module register_file (D = \wd3, Q = \internal_register[2]).
Adding EN signal on $procdff$1104 ($dff) from module register_file (D = \wd3, Q = \internal_register[28]).
Adding EN signal on $procdff$1083 ($dff) from module register_file (D = \wd3, Q = \internal_register[25]).
Adding EN signal on $procdff$929 ($dff) from module register_file (D = \wd3, Q = \internal_register[3]).
Adding EN signal on $procdff$936 ($dff) from module register_file (D = \wd3, Q = \internal_register[4]).
Adding EN signal on $procdff$1027 ($dff) from module register_file (D = \wd3, Q = \internal_register[17]).
Adding EN signal on $procdff$943 ($dff) from module register_file (D = \wd3, Q = \internal_register[5]).
Adding EN signal on $procdff$1055 ($dff) from module register_file (D = \wd3, Q = \internal_register[21]).
Adding EN signal on $procdff$950 ($dff) from module register_file (D = \wd3, Q = \internal_register[6]).
Adding EN signal on $procdff$1090 ($dff) from module register_file (D = \wd3, Q = \internal_register[26]).
Adding EN signal on $procdff$957 ($dff) from module register_file (D = \wd3, Q = \internal_register[7]).
Adding EN signal on $procdff$1118 ($dff) from module register_file (D = \wd3, Q = \internal_register[30]).
Adding EN signal on $procdff$964 ($dff) from module register_file (D = \wd3, Q = \internal_register[8]).
Adding EN signal on $procdff$1034 ($dff) from module register_file (D = \wd3, Q = \internal_register[18]).
Adding EN signal on $procdff$1125 ($dff) from module register_file (D = \wd3, Q = \internal_register[31]).
Adding EN signal on $procdff$971 ($dff) from module register_file (D = \wd3, Q = \internal_register[9]).
Adding EN signal on $procdff$978 ($dff) from module register_file (D = \wd3, Q = \internal_register[10]).
Adding EN signal on $procdff$1111 ($dff) from module register_file (D = \wd3, Q = \internal_register[29]).
Adding EN signal on $procdff$1097 ($dff) from module register_file (D = \wd3, Q = \internal_register[27]).
Adding EN signal on $procdff$985 ($dff) from module register_file (D = \wd3, Q = \internal_register[11]).
Adding EN signal on $procdff$992 ($dff) from module register_file (D = \wd3, Q = \internal_register[12]).
Adding EN signal on $procdff$1041 ($dff) from module register_file (D = \wd3, Q = \internal_register[19]).

11.8.7. Executing OPT_CLEAN pass (remove unused cells and wires).
Finding unused cells or wires in module \top..
Finding unused cells or wires in module \register_file..
Finding unused cells or wires in module \program_counter..
Finding unused cells or wires in module \main_decoder..
Finding unused cells or wires in module \instruction_memory..
Finding unused cells or wires in module \extend_imm..
Finding unused cells or wires in module \data_path..
Finding unused cells or wires in module \control_unit..
Finding unused cells or wires in module \alu_decoder..
Finding unused cells or wires in module \alu..
Removed 93 unused cells and 93 unused wires.
<suppressed ~94 debug messages>

11.8.8. Executing OPT_EXPR pass (perform const folding).
Optimizing module top.
Optimizing module register_file.
Optimizing module program_counter.
Optimizing module main_decoder.
Optimizing module instruction_memory.
Optimizing module extend_imm.
Optimizing module data_path.
Optimizing module control_unit.
Optimizing module alu_decoder.
Optimizing module alu.

11.8.9. Rerunning OPT passes. (Maybe there is more to do..)

11.8.10. Executing OPT_MUXTREE pass (detect dead branches in mux trees).
Running muxtree optimizer on module \top..
  Creating internal representation of mux trees.
  No muxes found in this module.
Running muxtree optimizer on module \register_file..
  Creating internal representation of mux trees.
  Evaluating internal representation of mux trees.
  Analyzing evaluation results.
Running muxtree optimizer on module \program_counter..
  Creating internal representation of mux trees.
  No muxes found in this module.
Running muxtree optimizer on module \main_decoder..
  Creating internal representation of mux trees.
  Evaluating internal representation of mux trees.
  Analyzing evaluation results.
Running muxtree optimizer on module \instruction_memory..
  Creating internal representation of mux trees.
  No muxes found in this module.
Running muxtree optimizer on module \extend_imm..
  Creating internal representation of mux trees.
  Evaluating internal representation of mux trees.
  Analyzing evaluation results.
Running muxtree optimizer on module \data_path..
  Creating internal representation of mux trees.
  Evaluating internal representation of mux trees.
  Analyzing evaluation results.
Running muxtree optimizer on module \control_unit..
  Creating internal representation of mux trees.
  Evaluating internal representation of mux trees.
  Analyzing evaluation results.
Running muxtree optimizer on module \alu_decoder..
  Creating internal representation of mux trees.
  Evaluating internal representation of mux trees.
  Analyzing evaluation results.
Running muxtree optimizer on module \alu..
  Creating internal representation of mux trees.
  Evaluating internal representation of mux trees.
  Analyzing evaluation results.
Removed 0 multiplexer ports.
<suppressed ~42 debug messages>

11.8.11. Executing OPT_REDUCE pass (consolidate $*mux and $reduce_* inputs).
  Optimizing cells in module \top.
  Optimizing cells in module \register_file.
  Optimizing cells in module \program_counter.
  Optimizing cells in module \main_decoder.
  Optimizing cells in module \instruction_memory.
  Optimizing cells in module \extend_imm.
  Optimizing cells in module \data_path.
  Optimizing cells in module \control_unit.
  Optimizing cells in module \alu_decoder.
  Optimizing cells in module \alu.
Performed a total of 0 changes.

11.8.12. Executing OPT_MERGE pass (detect identical cells).
Finding identical cells in module `\top'.
Computing hashes of 2 cells of `\top'.
Finding duplicate cells in `\top'.
Finding identical cells in module `\register_file'.
Computing hashes of 161 cells of `\register_file'.
Finding duplicate cells in `\register_file'.
Finding identical cells in module `\program_counter'.
Computing hashes of 1 cells of `\program_counter'.
Finding duplicate cells in `\program_counter'.
Finding identical cells in module `\main_decoder'.
Computing hashes of 24 cells of `\main_decoder'.
Finding duplicate cells in `\main_decoder'.
Finding identical cells in module `\instruction_memory'.
Computing hashes of 2 cells of `\instruction_memory'.
Finding duplicate cells in `\instruction_memory'.
Finding identical cells in module `\extend_imm'.
Computing hashes of 6 cells of `\extend_imm'.
Finding duplicate cells in `\extend_imm'.
Finding identical cells in module `\data_path'.
Computing hashes of 18 cells of `\data_path'.
Finding duplicate cells in `\data_path'.
Finding identical cells in module `\control_unit'.
Computing hashes of 14 cells of `\control_unit'.
Finding duplicate cells in `\control_unit'.
Finding identical cells in module `\alu_decoder'.
Computing hashes of 10 cells of `\alu_decoder'.
Finding duplicate cells in `\alu_decoder'.
Finding identical cells in module `\alu'.
Computing hashes of 20 cells of `\alu'.
Finding duplicate cells in `\alu'.
Removed a total of 0 cells.

11.8.13. Executing OPT_DFF pass (perform DFF optimizations).

11.8.14. Executing OPT_CLEAN pass (remove unused cells and wires).
Finding unused cells or wires in module \top..
Finding unused cells or wires in module \register_file..
Finding unused cells or wires in module \program_counter..
Finding unused cells or wires in module \main_decoder..
Finding unused cells or wires in module \instruction_memory..
Finding unused cells or wires in module \extend_imm..
Finding unused cells or wires in module \data_path..
Finding unused cells or wires in module \control_unit..
Finding unused cells or wires in module \alu_decoder..
Finding unused cells or wires in module \alu..

11.8.15. Executing OPT_EXPR pass (perform const folding).
Optimizing module top.
Optimizing module register_file.
Optimizing module program_counter.
Optimizing module main_decoder.
Optimizing module instruction_memory.
Optimizing module extend_imm.
Optimizing module data_path.
Optimizing module control_unit.
Optimizing module alu_decoder.
Optimizing module alu.

11.8.16. Finished fast OPT passes. (There is nothing left to do.)

11.9. Executing WREDUCE pass (reducing word size of cells).
Removed top 1 bits (of 5) from port B of cell register_file.$procmux$75_CMP0 ($eq).
Removed top 1 bits (of 5) from port B of cell register_file.$procmux$76_CMP0 ($eq).
Removed top 1 bits (of 5) from port B of cell register_file.$procmux$77_CMP0 ($eq).
Removed top 1 bits (of 5) from port B of cell register_file.$procmux$78_CMP0 ($eq).
Removed top 1 bits (of 5) from port B of cell register_file.$procmux$79_CMP0 ($eq).
Removed top 1 bits (of 5) from port B of cell register_file.$procmux$80_CMP0 ($eq).
Removed top 1 bits (of 5) from port B of cell register_file.$procmux$81_CMP0 ($eq).
Removed top 1 bits (of 5) from port B of cell register_file.$procmux$82_CMP0 ($eq).
Removed top 2 bits (of 5) from port B of cell register_file.$procmux$83_CMP0 ($eq).
Removed top 2 bits (of 5) from port B of cell register_file.$procmux$84_CMP0 ($eq).
Removed top 2 bits (of 5) from port B of cell register_file.$procmux$85_CMP0 ($eq).
Removed top 2 bits (of 5) from port B of cell register_file.$procmux$86_CMP0 ($eq).
Removed top 3 bits (of 5) from port B of cell register_file.$procmux$87_CMP0 ($eq).
Removed top 3 bits (of 5) from port B of cell register_file.$procmux$88_CMP0 ($eq).
Removed top 4 bits (of 5) from port B of cell register_file.$procmux$89_CMP0 ($eq).
Removed top 1 bits (of 5) from port B of cell register_file.$procmux$108_CMP0 ($eq).
Removed top 1 bits (of 5) from port B of cell register_file.$procmux$109_CMP0 ($eq).
Removed top 1 bits (of 5) from port B of cell register_file.$procmux$110_CMP0 ($eq).
Removed top 1 bits (of 5) from port B of cell register_file.$procmux$111_CMP0 ($eq).
Removed top 1 bits (of 5) from port B of cell register_file.$procmux$112_CMP0 ($eq).
Removed top 1 bits (of 5) from port B of cell register_file.$procmux$113_CMP0 ($eq).
Removed top 1 bits (of 5) from port B of cell register_file.$procmux$114_CMP0 ($eq).
Removed top 1 bits (of 5) from port B of cell register_file.$procmux$115_CMP0 ($eq).
Removed top 2 bits (of 5) from port B of cell register_file.$procmux$116_CMP0 ($eq).
Removed top 2 bits (of 5) from port B of cell register_file.$procmux$117_CMP0 ($eq).
Removed top 2 bits (of 5) from port B of cell register_file.$procmux$118_CMP0 ($eq).
Removed top 2 bits (of 5) from port B of cell register_file.$procmux$119_CMP0 ($eq).
Removed top 3 bits (of 5) from port B of cell register_file.$procmux$120_CMP0 ($eq).
Removed top 3 bits (of 5) from port B of cell register_file.$procmux$121_CMP0 ($eq).
Removed top 4 bits (of 5) from port B of cell register_file.$procmux$122_CMP0 ($eq).
Removed top 1 bits (of 5) from port B of cell register_file.$procmux$348_CMP0 ($eq).
Removed top 1 bits (of 5) from port B of cell register_file.$procmux$370_CMP0 ($eq).
Removed top 1 bits (of 5) from port B of cell register_file.$procmux$393_CMP0 ($eq).
Removed top 1 bits (of 5) from port B of cell register_file.$procmux$417_CMP0 ($eq).
Removed top 1 bits (of 5) from port B of cell register_file.$procmux$442_CMP0 ($eq).
Removed top 1 bits (of 5) from port B of cell register_file.$procmux$468_CMP0 ($eq).
Removed top 1 bits (of 5) from port B of cell register_file.$procmux$495_CMP0 ($eq).
Removed top 1 bits (of 5) from port B of cell register_file.$procmux$523_CMP0 ($eq).
Removed top 2 bits (of 5) from port B of cell register_file.$procmux$552_CMP0 ($eq).
Removed top 2 bits (of 5) from port B of cell register_file.$procmux$582_CMP0 ($eq).
Removed top 2 bits (of 5) from port B of cell register_file.$procmux$613_CMP0 ($eq).
Removed top 2 bits (of 5) from port B of cell register_file.$procmux$645_CMP0 ($eq).
Removed top 3 bits (of 5) from port B of cell register_file.$procmux$678_CMP0 ($eq).
Removed top 3 bits (of 5) from port B of cell register_file.$procmux$712_CMP0 ($eq).
Removed top 4 bits (of 5) from port B of cell register_file.$procmux$747_CMP0 ($eq).
Removed top 1 bits (of 7) from port B of cell main_decoder.$procmux$847_CMP0 ($eq).
Removed top 2 bits (of 7) from port B of cell main_decoder.$procmux$850_CMP0 ($eq).
Removed top 1 bits (of 7) from port B of cell main_decoder.$procmux$851_CMP0 ($eq).
Removed top 2 bits (of 7) from port B of cell main_decoder.$procmux$854_CMP0 ($eq).
Removed top 1 bits (of 7) from port B of cell main_decoder.$procmux$855_CMP0 ($eq).
Removed top 5 bits (of 7) from port B of cell main_decoder.$procmux$856_CMP0 ($eq).
Removed top 22 address bits (of 32) from memory init port instruction_memory.$meminit$\mem$rtl/instruction_memory.sv:12$32 (mem).
Removed top 1 bits (of 3) from port B of cell extend_imm.$procmux$860_CMP0 ($eq).
Removed top 1 bits (of 3) from port B of cell extend_imm.$procmux$861_CMP0 ($eq).
Removed top 2 bits (of 3) from port B of cell extend_imm.$procmux$862_CMP0 ($eq).
Removed top 29 bits (of 32) from port B of cell data_path.$add$rtl/data_path.sv:49$27 ($add).
Removed top 1 bits (of 2) from port B of cell data_path.$procmux$867_CMP0 ($eq).
Removed top 1 bits (of 2) from port B of cell data_path.$procmux$872_CMP0 ($eq).
Removed top 2 bits (of 3) from port B of cell control_unit.$procmux$880_CMP0 ($eq).
Removed top 1 bits (of 4) from mux cell alu_decoder.$procmux$883 ($pmux).
Removed top 1 bits (of 2) from port B of cell alu_decoder.$procmux$891_CMP0 ($eq).
Removed top 1 bits (of 4) from port B of cell alu.$procmux$894_CMP0 ($eq).
Removed top 1 bits (of 4) from port B of cell alu.$procmux$895_CMP0 ($eq).
Removed top 1 bits (of 4) from port B of cell alu.$procmux$896_CMP0 ($eq).
Removed top 1 bits (of 4) from port B of cell alu.$procmux$897_CMP0 ($eq).
Removed top 2 bits (of 4) from port B of cell alu.$procmux$898_CMP0 ($eq).
Removed top 2 bits (of 4) from port B of cell alu.$procmux$899_CMP0 ($eq).
Removed top 3 bits (of 4) from port B of cell alu.$procmux$900_CMP0 ($eq).
Removed top 31 bits (of 32) from wire alu.$lt$rtl/alu.sv:23$10_Y.

11.10. Executing PEEPOPT pass (run peephole optimizers).

11.11. Executing OPT_CLEAN pass (remove unused cells and wires).
Finding unused cells or wires in module \top..
Finding unused cells or wires in module \register_file..
Finding unused cells or wires in module \program_counter..
Finding unused cells or wires in module \main_decoder..
Finding unused cells or wires in module \instruction_memory..
Finding unused cells or wires in module \extend_imm..
Finding unused cells or wires in module \data_path..
Finding unused cells or wires in module \control_unit..
Finding unused cells or wires in module \alu_decoder..
Finding unused cells or wires in module \alu..
Removed 0 unused cells and 1 unused wires.
<suppressed ~1 debug messages>

11.12. Executing ALUMACC pass (create $alu and $macc cells).
Extracting $alu and $macc cells in module top:
  created 0 $alu and 0 $macc cells.
Extracting $alu and $macc cells in module register_file:
  created 0 $alu and 0 $macc cells.
Extracting $alu and $macc cells in module program_counter:
  created 0 $alu and 0 $macc cells.
Extracting $alu and $macc cells in module main_decoder:
  created 0 $alu and 0 $macc cells.
Extracting $alu and $macc cells in module instruction_memory:
  created 0 $alu and 0 $macc cells.
Extracting $alu and $macc cells in module extend_imm:
  created 0 $alu and 0 $macc cells.
Extracting $alu and $macc cells in module data_path:
  creating $macc model for $add$rtl/data_path.sv:49$27 ($add).
  creating $macc model for $add$rtl/data_path.sv:28$25 ($add).
  creating $alu model for $macc $add$rtl/data_path.sv:28$25.
  creating $alu model for $macc $add$rtl/data_path.sv:49$27.
  creating $alu cell for $add$rtl/data_path.sv:49$27: $auto$alumacc.cc:512:replace_alu$1247
  creating $alu cell for $add$rtl/data_path.sv:28$25: $auto$alumacc.cc:512:replace_alu$1250
  created 2 $alu and 0 $macc cells.
Extracting $alu and $macc cells in module control_unit:
  created 0 $alu and 0 $macc cells.
Extracting $alu and $macc cells in module alu_decoder:
  created 0 $alu and 0 $macc cells.
Extracting $alu and $macc cells in module alu:
  creating $macc model for $sub$rtl/alu.sv:19$6 ($sub).
  creating $macc model for $add$rtl/alu.sv:18$5 ($add).
  creating $alu model for $macc $add$rtl/alu.sv:18$5.
  creating $alu model for $macc $sub$rtl/alu.sv:19$6.
  creating $alu model for $lt$rtl/alu.sv:23$10 ($lt): merged with $sub$rtl/alu.sv:19$6.
  creating $alu model for $lt$rtl/alu.sv:14$3 ($lt): merged with $sub$rtl/alu.sv:19$6.
  creating $alu model for $lt$rtl/alu.sv:13$2 ($lt): merged with $sub$rtl/alu.sv:19$6.
  creating $alu cell for $sub$rtl/alu.sv:19$6, $lt$rtl/alu.sv:23$10, $lt$rtl/alu.sv:14$3, $lt$rtl/alu.sv:13$2: $auto$alumacc.cc:512:replace_alu$1253
  creating $alu cell for $add$rtl/alu.sv:18$5: $auto$alumacc.cc:512:replace_alu$1262
  created 2 $alu and 0 $macc cells.

11.13. Executing SHARE pass (SAT-based resource sharing).
Found 3 cells in module alu that may be considered for resource sharing.
  Analyzing resource sharing options for $shl$rtl/alu.sv:22$9 ($shl):
    Found 1 activation_patterns using ctrl signal $procmux$897_CMP.
    No candidates found.
  Analyzing resource sharing options for $shr$rtl/alu.sv:24$11 ($shr):
    Found 1 activation_patterns using ctrl signal $procmux$895_CMP.
    No candidates found.
  Analyzing resource sharing options for $sshr$rtl/alu.sv:25$12 ($sshr):
    Found 1 activation_patterns using ctrl signal $procmux$894_CMP.
    No candidates found.

11.14. Executing OPT pass (performing simple optimizations).

11.14.1. Executing OPT_EXPR pass (perform const folding).
Optimizing module top.
Optimizing module register_file.
Optimizing module program_counter.
Optimizing module main_decoder.
Optimizing module instruction_memory.
Optimizing module extend_imm.
Optimizing module data_path.
Optimizing module control_unit.
Optimizing module alu_decoder.
Optimizing module alu.

11.14.2. Executing OPT_MERGE pass (detect identical cells).
Finding identical cells in module `\top'.
Computing hashes of 2 cells of `\top'.
Finding duplicate cells in `\top'.
Finding identical cells in module `\register_file'.
Computing hashes of 161 cells of `\register_file'.
Finding duplicate cells in `\register_file'.
Finding identical cells in module `\program_counter'.
Computing hashes of 1 cells of `\program_counter'.
Finding duplicate cells in `\program_counter'.
Finding identical cells in module `\main_decoder'.
Computing hashes of 24 cells of `\main_decoder'.
Finding duplicate cells in `\main_decoder'.
Finding identical cells in module `\instruction_memory'.
Computing hashes of 2 cells of `\instruction_memory'.
Finding duplicate cells in `\instruction_memory'.
Finding identical cells in module `\extend_imm'.
Computing hashes of 6 cells of `\extend_imm'.
Finding duplicate cells in `\extend_imm'.
Finding identical cells in module `\data_path'.
Computing hashes of 18 cells of `\data_path'.
Finding duplicate cells in `\data_path'.
Finding identical cells in module `\control_unit'.
Computing hashes of 14 cells of `\control_unit'.
Finding duplicate cells in `\control_unit'.
Finding identical cells in module `\alu_decoder'.
Computing hashes of 10 cells of `\alu_decoder'.
Finding duplicate cells in `\alu_decoder'.
Finding identical cells in module `\alu'.
Computing hashes of 20 cells of `\alu'.
Finding duplicate cells in `\alu'.
Removed a total of 0 cells.

11.14.3. Executing OPT_MUXTREE pass (detect dead branches in mux trees).
Running muxtree optimizer on module \top..
  Creating internal representation of mux trees.
  No muxes found in this module.
Running muxtree optimizer on module \register_file..
  Creating internal representation of mux trees.
  Evaluating internal representation of mux trees.
  Analyzing evaluation results.
Running muxtree optimizer on module \program_counter..
  Creating internal representation of mux trees.
  No muxes found in this module.
Running muxtree optimizer on module \main_decoder..
  Creating internal representation of mux trees.
  Evaluating internal representation of mux trees.
  Analyzing evaluation results.
Running muxtree optimizer on module \instruction_memory..
  Creating internal representation of mux trees.
  No muxes found in this module.
Running muxtree optimizer on module \extend_imm..
  Creating internal representation of mux trees.
  Evaluating internal representation of mux trees.
  Analyzing evaluation results.
Running muxtree optimizer on module \data_path..
  Creating internal representation of mux trees.
  Evaluating internal representation of mux trees.
  Analyzing evaluation results.
Running muxtree optimizer on module \control_unit..
  Creating internal representation of mux trees.
  Evaluating internal representation of mux trees.
  Analyzing evaluation results.
Running muxtree optimizer on module \alu_decoder..
  Creating internal representation of mux trees.
  Evaluating internal representation of mux trees.
  Analyzing evaluation results.
Running muxtree optimizer on module \alu..
  Creating internal representation of mux trees.
  Evaluating internal representation of mux trees.
  Analyzing evaluation results.
Removed 0 multiplexer ports.
<suppressed ~42 debug messages>

11.14.4. Executing OPT_REDUCE pass (consolidate $*mux and $reduce_* inputs).
  Optimizing cells in module \top.
  Optimizing cells in module \register_file.
  Optimizing cells in module \program_counter.
  Optimizing cells in module \main_decoder.
  Optimizing cells in module \instruction_memory.
  Optimizing cells in module \extend_imm.
  Optimizing cells in module \data_path.
  Optimizing cells in module \control_unit.
  Optimizing cells in module \alu_decoder.
  Optimizing cells in module \alu.
Performed a total of 0 changes.

11.14.5. Executing OPT_MERGE pass (detect identical cells).
Finding identical cells in module `\top'.
Computing hashes of 2 cells of `\top'.
Finding duplicate cells in `\top'.
Finding identical cells in module `\register_file'.
Computing hashes of 161 cells of `\register_file'.
Finding duplicate cells in `\register_file'.
Finding identical cells in module `\program_counter'.
Computing hashes of 1 cells of `\program_counter'.
Finding duplicate cells in `\program_counter'.
Finding identical cells in module `\main_decoder'.
Computing hashes of 24 cells of `\main_decoder'.
Finding duplicate cells in `\main_decoder'.
Finding identical cells in module `\instruction_memory'.
Computing hashes of 2 cells of `\instruction_memory'.
Finding duplicate cells in `\instruction_memory'.
Finding identical cells in module `\extend_imm'.
Computing hashes of 6 cells of `\extend_imm'.
Finding duplicate cells in `\extend_imm'.
Finding identical cells in module `\data_path'.
Computing hashes of 18 cells of `\data_path'.
Finding duplicate cells in `\data_path'.
Finding identical cells in module `\control_unit'.
Computing hashes of 14 cells of `\control_unit'.
Finding duplicate cells in `\control_unit'.
Finding identical cells in module `\alu_decoder'.
Computing hashes of 10 cells of `\alu_decoder'.
Finding duplicate cells in `\alu_decoder'.
Finding identical cells in module `\alu'.
Computing hashes of 20 cells of `\alu'.
Finding duplicate cells in `\alu'.
Removed a total of 0 cells.

11.14.6. Executing OPT_DFF pass (perform DFF optimizations).

11.14.7. Executing OPT_CLEAN pass (remove unused cells and wires).
Finding unused cells or wires in module \top..
Finding unused cells or wires in module \register_file..
Finding unused cells or wires in module \program_counter..
Finding unused cells or wires in module \main_decoder..
Finding unused cells or wires in module \instruction_memory..
Finding unused cells or wires in module \extend_imm..
Finding unused cells or wires in module \data_path..
Finding unused cells or wires in module \control_unit..
Finding unused cells or wires in module \alu_decoder..
Finding unused cells or wires in module \alu..
Removed 0 unused cells and 3 unused wires.
<suppressed ~1 debug messages>

11.14.8. Executing OPT_EXPR pass (perform const folding).
Optimizing module top.
Optimizing module register_file.
Optimizing module program_counter.
Optimizing module main_decoder.
Optimizing module instruction_memory.
Optimizing module extend_imm.
Optimizing module data_path.
Optimizing module control_unit.
Optimizing module alu_decoder.
Optimizing module alu.

11.14.9. Rerunning OPT passes. (Maybe there is more to do..)

11.14.10. Executing OPT_MUXTREE pass (detect dead branches in mux trees).
Running muxtree optimizer on module \top..
  Creating internal representation of mux trees.
  No muxes found in this module.
Running muxtree optimizer on module \register_file..
  Creating internal representation of mux trees.
  Evaluating internal representation of mux trees.
  Analyzing evaluation results.
Running muxtree optimizer on module \program_counter..
  Creating internal representation of mux trees.
  No muxes found in this module.
Running muxtree optimizer on module \main_decoder..
  Creating internal representation of mux trees.
  Evaluating internal representation of mux trees.
  Analyzing evaluation results.
Running muxtree optimizer on module \instruction_memory..
  Creating internal representation of mux trees.
  No muxes found in this module.
Running muxtree optimizer on module \extend_imm..
  Creating internal representation of mux trees.
  Evaluating internal representation of mux trees.
  Analyzing evaluation results.
Running muxtree optimizer on module \data_path..
  Creating internal representation of mux trees.
  Evaluating internal representation of mux trees.
  Analyzing evaluation results.
Running muxtree optimizer on module \control_unit..
  Creating internal representation of mux trees.
  Evaluating internal representation of mux trees.
  Analyzing evaluation results.
Running muxtree optimizer on module \alu_decoder..
  Creating internal representation of mux trees.
  Evaluating internal representation of mux trees.
  Analyzing evaluation results.
Running muxtree optimizer on module \alu..
  Creating internal representation of mux trees.
  Evaluating internal representation of mux trees.
  Analyzing evaluation results.
Removed 0 multiplexer ports.
<suppressed ~42 debug messages>

11.14.11. Executing OPT_REDUCE pass (consolidate $*mux and $reduce_* inputs).
  Optimizing cells in module \top.
  Optimizing cells in module \register_file.
  Optimizing cells in module \program_counter.
  Optimizing cells in module \main_decoder.
  Optimizing cells in module \instruction_memory.
  Optimizing cells in module \extend_imm.
  Optimizing cells in module \data_path.
  Optimizing cells in module \control_unit.
  Optimizing cells in module \alu_decoder.
  Optimizing cells in module \alu.
Performed a total of 0 changes.

11.14.12. Executing OPT_MERGE pass (detect identical cells).
Finding identical cells in module `\top'.
Computing hashes of 2 cells of `\top'.
Finding duplicate cells in `\top'.
Finding identical cells in module `\register_file'.
Computing hashes of 161 cells of `\register_file'.
Finding duplicate cells in `\register_file'.
Finding identical cells in module `\program_counter'.
Computing hashes of 1 cells of `\program_counter'.
Finding duplicate cells in `\program_counter'.
Finding identical cells in module `\main_decoder'.
Computing hashes of 24 cells of `\main_decoder'.
Finding duplicate cells in `\main_decoder'.
Finding identical cells in module `\instruction_memory'.
Computing hashes of 2 cells of `\instruction_memory'.
Finding duplicate cells in `\instruction_memory'.
Finding identical cells in module `\extend_imm'.
Computing hashes of 6 cells of `\extend_imm'.
Finding duplicate cells in `\extend_imm'.
Finding identical cells in module `\data_path'.
Computing hashes of 18 cells of `\data_path'.
Finding duplicate cells in `\data_path'.
Finding identical cells in module `\control_unit'.
Computing hashes of 14 cells of `\control_unit'.
Finding duplicate cells in `\control_unit'.
Finding identical cells in module `\alu_decoder'.
Computing hashes of 10 cells of `\alu_decoder'.
Finding duplicate cells in `\alu_decoder'.
Finding identical cells in module `\alu'.
Computing hashes of 20 cells of `\alu'.
Finding duplicate cells in `\alu'.
Removed a total of 0 cells.

11.14.13. Executing OPT_DFF pass (perform DFF optimizations).

11.14.14. Executing OPT_CLEAN pass (remove unused cells and wires).
Finding unused cells or wires in module \top..
Finding unused cells or wires in module \register_file..
Finding unused cells or wires in module \program_counter..
Finding unused cells or wires in module \main_decoder..
Finding unused cells or wires in module \instruction_memory..
Finding unused cells or wires in module \extend_imm..
Finding unused cells or wires in module \data_path..
Finding unused cells or wires in module \control_unit..
Finding unused cells or wires in module \alu_decoder..
Finding unused cells or wires in module \alu..

11.14.15. Executing OPT_EXPR pass (perform const folding).
Optimizing module top.
Optimizing module register_file.
Optimizing module program_counter.
Optimizing module main_decoder.
Optimizing module instruction_memory.
Optimizing module extend_imm.
Optimizing module data_path.
Optimizing module control_unit.
Optimizing module alu_decoder.
Optimizing module alu.

11.14.16. Finished fast OPT passes. (There is nothing left to do.)

11.15. Executing MEMORY pass.

11.15.1. Executing OPT_MEM pass (optimize memories).
instruction_memory.mem: removing const-1 lane 0
instruction_memory.mem: removing const-1 lane 1
Performed a total of 1 transformations.

11.15.2. Executing OPT_MEM_PRIORITY pass (removing unnecessary memory write priority relations).
Performed a total of 0 transformations.

11.15.3. Executing OPT_MEM_FEEDBACK pass (finding memory read-to-write feedback paths).

11.15.4. Executing MEMORY_BMUX2ROM pass (converting muxes to ROMs).

11.15.5. Executing MEMORY_DFF pass (merging $dff cells to $memrd).
Checking read port `\mem'[0] in module `\instruction_memory': no output FF found.
Checking read port address `\mem'[0] in module `\instruction_memory': no address FF found.

11.15.6. Executing OPT_CLEAN pass (remove unused cells and wires).
Finding unused cells or wires in module \top..
Finding unused cells or wires in module \register_file..
Finding unused cells or wires in module \program_counter..
Finding unused cells or wires in module \main_decoder..
Finding unused cells or wires in module \instruction_memory..
Finding unused cells or wires in module \extend_imm..
Finding unused cells or wires in module \data_path..
Finding unused cells or wires in module \control_unit..
Finding unused cells or wires in module \alu_decoder..
Finding unused cells or wires in module \alu..

11.15.7. Executing MEMORY_SHARE pass (consolidating $memrd/$memwr cells).

11.15.8. Executing OPT_MEM_WIDEN pass (optimize memories where all ports are wide).
Performed a total of 0 transformations.

11.15.9. Executing OPT_CLEAN pass (remove unused cells and wires).
Finding unused cells or wires in module \top..
Finding unused cells or wires in module \register_file..
Finding unused cells or wires in module \program_counter..
Finding unused cells or wires in module \main_decoder..
Finding unused cells or wires in module \instruction_memory..
Finding unused cells or wires in module \extend_imm..
Finding unused cells or wires in module \data_path..
Finding unused cells or wires in module \control_unit..
Finding unused cells or wires in module \alu_decoder..
Finding unused cells or wires in module \alu..

11.15.10. Executing MEMORY_COLLECT pass (generating $mem cells).

11.16. Executing OPT_CLEAN pass (remove unused cells and wires).
Finding unused cells or wires in module \top..
Finding unused cells or wires in module \register_file..
Finding unused cells or wires in module \program_counter..
Finding unused cells or wires in module \main_decoder..
Finding unused cells or wires in module \instruction_memory..
Finding unused cells or wires in module \extend_imm..
Finding unused cells or wires in module \data_path..
Finding unused cells or wires in module \control_unit..
Finding unused cells or wires in module \alu_decoder..
Finding unused cells or wires in module \alu..

11.17. Executing OPT pass (performing simple optimizations).

11.17.1. Executing OPT_EXPR pass (perform const folding).
Optimizing module top.
Optimizing module register_file.
<suppressed ~2 debug messages>
Optimizing module program_counter.
Optimizing module main_decoder.
<suppressed ~7 debug messages>
Optimizing module instruction_memory.
Optimizing module extend_imm.
Optimizing module data_path.
<suppressed ~2 debug messages>
Optimizing module control_unit.
Optimizing module alu_decoder.
Optimizing module alu.

11.17.2. Executing OPT_MERGE pass (detect identical cells).
Finding identical cells in module `\top'.
Computing hashes of 2 cells of `\top'.
Finding duplicate cells in `\top'.
Finding identical cells in module `\register_file'.
Computing hashes of 161 cells of `\register_file'.
Finding duplicate cells in `\register_file'.
Finding identical cells in module `\program_counter'.
Computing hashes of 1 cells of `\program_counter'.
Finding duplicate cells in `\program_counter'.
Finding identical cells in module `\main_decoder'.
Computing hashes of 17 cells of `\main_decoder'.
Finding duplicate cells in `\main_decoder'.
Finding identical cells in module `\instruction_memory'.
Computing hashes of 1 cells of `\instruction_memory'.
Finding duplicate cells in `\instruction_memory'.
Finding identical cells in module `\extend_imm'.
Computing hashes of 6 cells of `\extend_imm'.
Finding duplicate cells in `\extend_imm'.
Finding identical cells in module `\data_path'.
Computing hashes of 18 cells of `\data_path'.
Finding duplicate cells in `\data_path'.
Finding identical cells in module `\control_unit'.
Computing hashes of 14 cells of `\control_unit'.
Finding duplicate cells in `\control_unit'.
Finding identical cells in module `\alu_decoder'.
Computing hashes of 10 cells of `\alu_decoder'.
Finding duplicate cells in `\alu_decoder'.
Finding identical cells in module `\alu'.
Computing hashes of 20 cells of `\alu'.
Finding duplicate cells in `\alu'.
Removed a total of 0 cells.

11.17.3. Executing OPT_DFF pass (perform DFF optimizations).

11.17.4. Executing OPT_CLEAN pass (remove unused cells and wires).
Finding unused cells or wires in module \top..
Finding unused cells or wires in module \register_file..
Finding unused cells or wires in module \program_counter..
Finding unused cells or wires in module \main_decoder..
Finding unused cells or wires in module \instruction_memory..
Finding unused cells or wires in module \extend_imm..
Finding unused cells or wires in module \data_path..
Finding unused cells or wires in module \control_unit..
Finding unused cells or wires in module \alu_decoder..
Finding unused cells or wires in module \alu..
Removed 3 unused cells and 10 unused wires.
<suppressed ~6 debug messages>

11.17.5. Finished fast OPT passes.

11.18. Executing MEMORY_MAP pass (converting memories to logic and flip-flops).
Mapping memory \mem in module \instruction_memory:
  created 1024 $dff cells and 0 static cells of width 30.
  read interface: 0 $dff and 1023 $mux cells.
  write interface: 0 write mux blocks.

11.19. Executing OPT pass (performing simple optimizations).

11.19.1. Executing OPT_EXPR pass (perform const folding).
Optimizing module top.
Optimizing module register_file.
Optimizing module program_counter.
Optimizing module main_decoder.
Optimizing module instruction_memory.
<suppressed ~966 debug messages>
Optimizing module extend_imm.
Optimizing module data_path.
Optimizing module control_unit.
Optimizing module alu_decoder.
Optimizing module alu.

11.19.2. Executing OPT_MERGE pass (detect identical cells).
Finding identical cells in module `\top'.
Computing hashes of 2 cells of `\top'.
Finding duplicate cells in `\top'.
Finding identical cells in module `\register_file'.
Computing hashes of 159 cells of `\register_file'.
Finding duplicate cells in `\register_file'.
Finding identical cells in module `\program_counter'.
Computing hashes of 1 cells of `\program_counter'.
Finding duplicate cells in `\program_counter'.
Finding identical cells in module `\main_decoder'.
Computing hashes of 17 cells of `\main_decoder'.
Finding duplicate cells in `\main_decoder'.
Finding identical cells in module `\instruction_memory'.
Computing hashes of 57 cells of `\instruction_memory'.
Finding duplicate cells in `\instruction_memory'.
Finding identical cells in module `\extend_imm'.
Computing hashes of 6 cells of `\extend_imm'.
Finding duplicate cells in `\extend_imm'.
Finding identical cells in module `\data_path'.
Computing hashes of 17 cells of `\data_path'.
Finding duplicate cells in `\data_path'.
Finding identical cells in module `\control_unit'.
Computing hashes of 14 cells of `\control_unit'.
Finding duplicate cells in `\control_unit'.
Finding identical cells in module `\alu_decoder'.
Computing hashes of 10 cells of `\alu_decoder'.
Finding duplicate cells in `\alu_decoder'.
Finding identical cells in module `\alu'.
Computing hashes of 20 cells of `\alu'.
Finding duplicate cells in `\alu'.
Removed a total of 0 cells.

11.19.3. Executing OPT_MUXTREE pass (detect dead branches in mux trees).
Running muxtree optimizer on module \top..
  Creating internal representation of mux trees.
  No muxes found in this module.
Running muxtree optimizer on module \register_file..
  Creating internal representation of mux trees.
  Evaluating internal representation of mux trees.
  Analyzing evaluation results.
Running muxtree optimizer on module \program_counter..
  Creating internal representation of mux trees.
  No muxes found in this module.
Running muxtree optimizer on module \main_decoder..
  Creating internal representation of mux trees.
  Evaluating internal representation of mux trees.
  Analyzing evaluation results.
Running muxtree optimizer on module \instruction_memory..
  Creating internal representation of mux trees.
  Evaluating internal representation of mux trees.
  Analyzing evaluation results.
Running muxtree optimizer on module \extend_imm..
  Creating internal representation of mux trees.
  Evaluating internal representation of mux trees.
  Analyzing evaluation results.
Running muxtree optimizer on module \data_path..
  Creating internal representation of mux trees.
  Evaluating internal representation of mux trees.
  Analyzing evaluation results.
Running muxtree optimizer on module \control_unit..
  Creating internal representation of mux trees.
  Evaluating internal representation of mux trees.
  Analyzing evaluation results.
Running muxtree optimizer on module \alu_decoder..
  Creating internal representation of mux trees.
  Evaluating internal representation of mux trees.
  Analyzing evaluation results.
Running muxtree optimizer on module \alu..
  Creating internal representation of mux trees.
  Evaluating internal representation of mux trees.
  Analyzing evaluation results.
Removed 0 multiplexer ports.
<suppressed ~86 debug messages>

11.19.4. Executing OPT_REDUCE pass (consolidate $*mux and $reduce_* inputs).
  Optimizing cells in module \top.
  Optimizing cells in module \register_file.
  Optimizing cells in module \program_counter.
  Optimizing cells in module \main_decoder.
  Optimizing cells in module \instruction_memory.
    Consolidated identical input bits for $mux cell $memory\mem$rdmux[0][9][22]$2866:
      Old ports: A=30'000000000101000000000101100100, B=30'000000001100000100000101000100, Y=$memory\mem$rdmux[0][8][11]$a$2066
      New ports: A=2'01, B=2'10, Y={ $memory\mem$rdmux[0][8][11]$a$2066 [14] $memory\mem$rdmux[0][8][11]$a$2066 [5] }
      New connections: { $memory\mem$rdmux[0][8][11]$a$2066 [29:15] $memory\mem$rdmux[0][8][11]$a$2066 [13:6] $memory\mem$rdmux[0][8][11]$a$2066 [4:0] } = { 8'00000000 $memory\mem$rdmux[0][8][11]$a$2066 [14] 2'10 $memory\mem$rdmux[0][8][11]$a$2066 [5] 16'0000000010100100 }
    Consolidated identical input bits for $mux cell $memory\mem$rdmux[0][9][16]$2848:
      Old ports: A=30'000000100001000100100110001000, B=30'000000101000000100100100001000, Y=$memory\mem$rdmux[0][8][8]$a$2057
      New ports: A=2'01, B=2'10, Y={ $memory\mem$rdmux[0][8][8]$a$2057 [21] $memory\mem$rdmux[0][8][8]$a$2057 [7] }
      New connections: { $memory\mem$rdmux[0][8][8]$a$2057 [29:22] $memory\mem$rdmux[0][8][8]$a$2057 [20:8] $memory\mem$rdmux[0][8][8]$a$2057 [6:0] } = { 10'0000001000 $memory\mem$rdmux[0][8][8]$a$2057 [7] 17'00010010010001000 }
    Consolidated identical input bits for $mux cell $memory\mem$rdmux[0][9][1]$2803:
      Old ports: A=30'000000000000000000000000011011, B=30'000000000000010100100111100000, Y=$memory\mem$rdmux[0][8][0]$b$2034
      New ports: A=2'01, B=2'10, Y={ $memory\mem$rdmux[0][8][0]$b$2034 [5] $memory\mem$rdmux[0][8][0]$b$2034 [0] }
      New connections: { $memory\mem$rdmux[0][8][0]$b$2034 [29:6] $memory\mem$rdmux[0][8][0]$b$2034 [4:1] } = { 13'0000000000000 $memory\mem$rdmux[0][8][0]$b$2034 [5] 1'0 $memory\mem$rdmux[0][8][0]$b$2034 [5] 2'00 $memory\mem$rdmux[0][8][0]$b$2034 [5] 2'00 $memory\mem$rdmux[0][8][0]$b$2034 [5] $memory\mem$rdmux[0][8][0]$b$2034 [5] $memory\mem$rdmux[0][8][0]$b$2034 [5] $memory\mem$rdmux[0][8][0]$b$2034 [0] $memory\mem$rdmux[0][8][0]$b$2034 [0] 1'0 $memory\mem$rdmux[0][8][0]$b$2034 [0] }
    Consolidated identical input bits for $mux cell $memory\mem$rdmux[0][9][21]$2863:
      Old ports: A=30'000000000001000000000100000100, B=30'000000001000000100101110001000, Y=$memory\mem$rdmux[0][8][10]$b$2064
      New ports: A=2'01, B=2'10, Y=$memory\mem$rdmux[0][8][10]$b$2064 [3:2]
      New connections: { $memory\mem$rdmux[0][8][10]$b$2064 [29:4] $memory\mem$rdmux[0][8][10]$b$2064 [1:0] } = { 8'00000000 $memory\mem$rdmux[0][8][10]$b$2064 [3] 2'00 $memory\mem$rdmux[0][8][10]$b$2064 [2] 3'000 $memory\mem$rdmux[0][8][10]$b$2064 [3] 2'00 $memory\mem$rdmux[0][8][10]$b$2064 [3] 1'0 $memory\mem$rdmux[0][8][10]$b$2064 [3] 1'1 $memory\mem$rdmux[0][8][10]$b$2064 [3] 5'00000 }
    Consolidated identical input bits for $mux cell $memory\mem$rdmux[0][9][19]$2857:
      Old ports: A=30'000000000111000000000111100100, B=30'000000001111000100101010001000, Y=$memory\mem$rdmux[0][8][9]$b$2061
      New ports: A=2'01, B=2'10, Y=$memory\mem$rdmux[0][8][9]$b$2061 [3:2]
      New connections: { $memory\mem$rdmux[0][8][9]$b$2061 [29:4] $memory\mem$rdmux[0][8][9]$b$2061 [1:0] } = { 8'00000000 $memory\mem$rdmux[0][8][9]$b$2061 [3] 6'111000 $memory\mem$rdmux[0][8][9]$b$2061 [3] 2'00 $memory\mem$rdmux[0][8][9]$b$2061 [3] 1'0 $memory\mem$rdmux[0][8][9]$b$2061 [3:2] 1'1 $memory\mem$rdmux[0][8][9]$b$2061 [2] $memory\mem$rdmux[0][8][9]$b$2061 [2] 3'000 }
    Consolidated identical input bits for $mux cell $memory\mem$rdmux[0][9][4]$2812:
      Old ports: A=30'111111111111010110001000100100, B=30'000001010001000001011010011000, Y=$memory\mem$rdmux[0][8][2]$a$2039
      New ports: A=2'01, B=2'10, Y=$memory\mem$rdmux[0][8][2]$a$2039 [3:2]
      New connections: { $memory\mem$rdmux[0][8][2]$a$2039 [29:4] $memory\mem$rdmux[0][8][2]$a$2039 [1:0] } = { $memory\mem$rdmux[0][8][2]$a$2039 [2] $memory\mem$rdmux[0][8][2]$a$2039 [2] $memory\mem$rdmux[0][8][2]$a$2039 [2] $memory\mem$rdmux[0][8][2]$a$2039 [2] $memory\mem$rdmux[0][8][2]$a$2039 [2] 1'1 $memory\mem$rdmux[0][8][2]$a$2039 [2] 1'1 $memory\mem$rdmux[0][8][2]$a$2039 [2] $memory\mem$rdmux[0][8][2]$a$2039 [2] $memory\mem$rdmux[0][8][2]$a$2039 [2] 2'10 $memory\mem$rdmux[0][8][2]$a$2039 [2] 1'0 $memory\mem$rdmux[0][8][2]$a$2039 [2] $memory\mem$rdmux[0][8][2]$a$2039 [2] $memory\mem$rdmux[0][8][2]$a$2039 [3] 1'0 $memory\mem$rdmux[0][8][2]$a$2039 [3] 2'10 $memory\mem$rdmux[0][8][2]$a$2039 [3] 1'0 $memory\mem$rdmux[0][8][2]$a$2039 [2] $memory\mem$rdmux[0][8][2]$a$2039 [3] 2'00 }
    Consolidated identical input bits for $mux cell $memory\mem$rdmux[0][9][18]$2854:
      Old ports: A=30'000000000010000000000111100100, B=30'000000001111000100101000001000, Y=$memory\mem$rdmux[0][8][9]$a$2060
      New ports: A=2'01, B=2'10, Y=$memory\mem$rdmux[0][8][9]$a$2060 [3:2]
      New connections: { $memory\mem$rdmux[0][8][9]$a$2060 [29:4] $memory\mem$rdmux[0][8][9]$a$2060 [1:0] } = { 8'00000000 $memory\mem$rdmux[0][8][9]$a$2060 [3] $memory\mem$rdmux[0][8][9]$a$2060 [3] 1'1 $memory\mem$rdmux[0][8][9]$a$2060 [3] 3'000 $memory\mem$rdmux[0][8][9]$a$2060 [3] 2'00 $memory\mem$rdmux[0][8][9]$a$2060 [3] 1'0 $memory\mem$rdmux[0][8][9]$a$2060 [3:2] $memory\mem$rdmux[0][8][9]$a$2060 [2] $memory\mem$rdmux[0][8][9]$a$2060 [2] $memory\mem$rdmux[0][8][9]$a$2060 [2] 3'000 }
    Consolidated identical input bits for $mux cell $memory\mem$rdmux[0][9][10]$2830:
      Old ports: A=30'000000000000011110100111000000, B=30'111111111100011110100110100000, Y=$memory\mem$rdmux[0][8][5]$a$2048
      New ports: A=2'10, B=2'01, Y=$memory\mem$rdmux[0][8][5]$a$2048 [6:5]
      New connections: { $memory\mem$rdmux[0][8][5]$a$2048 [29:7] $memory\mem$rdmux[0][8][5]$a$2048 [4:0] } = { $memory\mem$rdmux[0][8][5]$a$2048 [5] $memory\mem$rdmux[0][8][5]$a$2048 [5] $memory\mem$rdmux[0][8][5]$a$2048 [5] $memory\mem$rdmux[0][8][5]$a$2048 [5] $memory\mem$rdmux[0][8][5]$a$2048 [5] $memory\mem$rdmux[0][8][5]$a$2048 [5] $memory\mem$rdmux[0][8][5]$a$2048 [5] $memory\mem$rdmux[0][8][5]$a$2048 [5] $memory\mem$rdmux[0][8][5]$a$2048 [5] $memory\mem$rdmux[0][8][5]$a$2048 [5] 18'000111101001100000 }
    Consolidated identical input bits for $mux cell $memory\mem$rdmux[0][9][5]$2815:
      Old ports: A=30'000000000000010100000110000100, B=30'000000000000100010001000000100, Y=$memory\mem$rdmux[0][8][2]$b$2040
      New ports: A=2'01, B=2'10, Y={ $memory\mem$rdmux[0][8][2]$b$2040 [9] $memory\mem$rdmux[0][8][2]$b$2040 [7] }
      New connections: { $memory\mem$rdmux[0][8][2]$b$2040 [29:10] $memory\mem$rdmux[0][8][2]$b$2040 [8] $memory\mem$rdmux[0][8][2]$b$2040 [6:0] } = { 12'000000000000 $memory\mem$rdmux[0][8][2]$b$2040 [9] $memory\mem$rdmux[0][8][2]$b$2040 [7] 1'0 $memory\mem$rdmux[0][8][2]$b$2040 [7] $memory\mem$rdmux[0][8][2]$b$2040 [9] 3'000 $memory\mem$rdmux[0][8][2]$b$2040 [7] 7'0000100 }
    Consolidated identical input bits for $mux cell $memory\mem$rdmux[0][9][7]$2821:
      Old ports: A=30'000000000000000000000101100100, B=30'000000110000000000000000011011, Y=$memory\mem$rdmux[0][8][3]$b$2043
      New ports: A=2'10, B=2'01, Y={ $memory\mem$rdmux[0][8][3]$b$2043 [2] $memory\mem$rdmux[0][8][3]$b$2043 [0] }
      New connections: { $memory\mem$rdmux[0][8][3]$b$2043 [29:3] $memory\mem$rdmux[0][8][3]$b$2043 [1] } = { 6'000000 $memory\mem$rdmux[0][8][3]$b$2043 [0] $memory\mem$rdmux[0][8][3]$b$2043 [0] 13'0000000000000 $memory\mem$rdmux[0][8][3]$b$2043 [2] 1'0 $memory\mem$rdmux[0][8][3]$b$2043 [2] $memory\mem$rdmux[0][8][3]$b$2043 [2] $memory\mem$rdmux[0][8][3]$b$2043 [0] $memory\mem$rdmux[0][8][3]$b$2043 [0] $memory\mem$rdmux[0][8][3]$b$2043 [0] }
    Consolidated identical input bits for $mux cell $memory\mem$rdmux[0][9][17]$2851:
      Old ports: A=30'000000001010000000000111100100, B=30'000000001111000100100110001000, Y=$memory\mem$rdmux[0][8][8]$b$2058
      New ports: A=2'01, B=2'10, Y=$memory\mem$rdmux[0][8][8]$b$2058 [3:2]
      New connections: { $memory\mem$rdmux[0][8][8]$b$2058 [29:4] $memory\mem$rdmux[0][8][8]$b$2058 [1:0] } = { 9'000000001 $memory\mem$rdmux[0][8][8]$b$2058 [3] 1'1 $memory\mem$rdmux[0][8][8]$b$2058 [3] 3'000 $memory\mem$rdmux[0][8][8]$b$2058 [3] 2'00 $memory\mem$rdmux[0][8][8]$b$2058 [3] 4'0011 $memory\mem$rdmux[0][8][8]$b$2058 [2] $memory\mem$rdmux[0][8][8]$b$2058 [2] 3'000 }
    Consolidated identical input bits for $mux cell $memory\mem$rdmux[0][9][12]$2836:
      Old ports: A=30'000000000001010110000101100100, B=30'000000000100011000000110000100, Y=$memory\mem$rdmux[0][8][6]$a$2051
      New ports: A=2'01, B=2'10, Y={ $memory\mem$rdmux[0][8][6]$a$2051 [7] $memory\mem$rdmux[0][8][6]$a$2051 [5] }
      New connections: { $memory\mem$rdmux[0][8][6]$a$2051 [29:8] $memory\mem$rdmux[0][8][6]$a$2051 [6] $memory\mem$rdmux[0][8][6]$a$2051 [4:0] } = { 9'000000000 $memory\mem$rdmux[0][8][6]$a$2051 [7] 1'0 $memory\mem$rdmux[0][8][6]$a$2051 [5] 2'01 $memory\mem$rdmux[0][8][6]$a$2051 [7] $memory\mem$rdmux[0][8][6]$a$2051 [5] $memory\mem$rdmux[0][8][6]$a$2051 [5] 5'00001 $memory\mem$rdmux[0][8][6]$a$2051 [5] 5'00100 }
    Consolidated identical input bits for $mux cell $memory\mem$rdmux[0][9][0]$2800:
      Old ports: A=30'000000000000000000010001001101, B=30'000001111000000000000000111011, Y=$memory\mem$rdmux[0][8][0]$a$2033
      New ports: A=2'10, B=2'01, Y=$memory\mem$rdmux[0][8][0]$a$2033 [2:1]
      New connections: { $memory\mem$rdmux[0][8][0]$a$2033 [29:3] $memory\mem$rdmux[0][8][0]$a$2033 [0] } = { 5'00000 $memory\mem$rdmux[0][8][0]$a$2033 [1] $memory\mem$rdmux[0][8][0]$a$2033 [1] $memory\mem$rdmux[0][8][0]$a$2033 [1] $memory\mem$rdmux[0][8][0]$a$2033 [1] 10'0000000000 $memory\mem$rdmux[0][8][0]$a$2033 [2] 3'000 $memory\mem$rdmux[0][8][0]$a$2033 [2:1] $memory\mem$rdmux[0][8][0]$a$2033 [1] 2'11 }
    Consolidated identical input bits for $mux cell $memory\mem$rdmux[0][9][24]$2872:
      Old ports: A=30'000000101100000100100000100000, B=30'000000101000000100100100000000, Y=$memory\mem$rdmux[0][8][12]$a$2069
      New ports: A=2'01, B=2'10, Y={ $memory\mem$rdmux[0][8][12]$a$2069 [8] $memory\mem$rdmux[0][8][12]$a$2069 [5] }
      New connections: { $memory\mem$rdmux[0][8][12]$a$2069 [29:9] $memory\mem$rdmux[0][8][12]$a$2069 [7:6] $memory\mem$rdmux[0][8][12]$a$2069 [4:0] } = { 9'000000101 $memory\mem$rdmux[0][8][12]$a$2069 [5] 18'000001001000000000 }
    Consolidated identical input bits for $mux cell $memory\mem$rdmux[0][9][11]$2833:
      Old ports: A=30'111111101101011101011000111000, B=30'111111100101111111110000011011, Y=$memory\mem$rdmux[0][8][5]$b$2049
      New ports: A=2'10, B=2'01, Y={ $memory\mem$rdmux[0][8][5]$b$2049 [5] $memory\mem$rdmux[0][8][5]$b$2049 [0] }
      New connections: { $memory\mem$rdmux[0][8][5]$b$2049 [29:6] $memory\mem$rdmux[0][8][5]$b$2049 [4:1] } = { 8'11111110 $memory\mem$rdmux[0][8][5]$b$2049 [5] 3'101 $memory\mem$rdmux[0][8][5]$b$2049 [0] 3'111 $memory\mem$rdmux[0][8][5]$b$2049 [0] 1'1 $memory\mem$rdmux[0][8][5]$b$2049 [0] 1'1 $memory\mem$rdmux[0][8][5]$b$2049 [5] 6'000110 $memory\mem$rdmux[0][8][5]$b$2049 [0] }
    Consolidated identical input bits for $mux cell $memory\mem$rdmux[0][9][23]$2869:
      Old ports: A=30'111101101001111111110000111011, B=30'000000000000010000000101000100, Y=$memory\mem$rdmux[0][8][11]$b$2067
      New ports: A=2'01, B=2'10, Y={ $memory\mem$rdmux[0][8][11]$b$2067 [2] $memory\mem$rdmux[0][8][11]$b$2067 [0] }
      New connections: { $memory\mem$rdmux[0][8][11]$b$2067 [29:3] $memory\mem$rdmux[0][8][11]$b$2067 [1] } = { $memory\mem$rdmux[0][8][11]$b$2067 [0] $memory\mem$rdmux[0][8][11]$b$2067 [0] $memory\mem$rdmux[0][8][11]$b$2067 [0] $memory\mem$rdmux[0][8][11]$b$2067 [0] 1'0 $memory\mem$rdmux[0][8][11]$b$2067 [0] $memory\mem$rdmux[0][8][11]$b$2067 [0] 1'0 $memory\mem$rdmux[0][8][11]$b$2067 [0] 2'00 $memory\mem$rdmux[0][8][11]$b$2067 [0] $memory\mem$rdmux[0][8][11]$b$2067 [0] 1'1 $memory\mem$rdmux[0][8][11]$b$2067 [0] $memory\mem$rdmux[0][8][11]$b$2067 [0] $memory\mem$rdmux[0][8][11]$b$2067 [0] $memory\mem$rdmux[0][8][11]$b$2067 [0] $memory\mem$rdmux[0][8][11]$b$2067 [0] $memory\mem$rdmux[0][8][11]$b$2067 [0] 1'0 $memory\mem$rdmux[0][8][11]$b$2067 [2] 1'0 $memory\mem$rdmux[0][8][11]$b$2067 [2] $memory\mem$rdmux[0][8][11]$b$2067 [0] $memory\mem$rdmux[0][8][11]$b$2067 [0] $memory\mem$rdmux[0][8][11]$b$2067 [0] $memory\mem$rdmux[0][8][11]$b$2067 [0] }
    Consolidated identical input bits for $mux cell $memory\mem$rdmux[0][9][25]$2875:
      Old ports: A=30'000000110000000100000001000100, B=30'000000000000000010000000011001, Y=$memory\mem$rdmux[0][8][12]$b$2070
      New ports: A=2'10, B=2'01, Y={ $memory\mem$rdmux[0][8][12]$b$2070 [2] $memory\mem$rdmux[0][8][12]$b$2070 [0] }
      New connections: { $memory\mem$rdmux[0][8][12]$b$2070 [29:3] $memory\mem$rdmux[0][8][12]$b$2070 [1] } = { 6'000000 $memory\mem$rdmux[0][8][12]$b$2070 [2] $memory\mem$rdmux[0][8][12]$b$2070 [2] 7'0000000 $memory\mem$rdmux[0][8][12]$b$2070 [2] $memory\mem$rdmux[0][8][12]$b$2070 [0] 6'000000 $memory\mem$rdmux[0][8][12]$b$2070 [2] 1'0 $memory\mem$rdmux[0][8][12]$b$2070 [0] $memory\mem$rdmux[0][8][12]$b$2070 [0] 1'0 }
    Consolidated identical input bits for $mux cell $memory\mem$rdmux[0][9][15]$2845:
      Old ports: A=30'000000000000000010000000011001, B=30'111111010000000100000001000100, Y=$memory\mem$rdmux[0][8][7]$b$2055
      New ports: A=2'01, B=2'10, Y={ $memory\mem$rdmux[0][8][7]$b$2055 [2] $memory\mem$rdmux[0][8][7]$b$2055 [0] }
      New connections: { $memory\mem$rdmux[0][8][7]$b$2055 [29:3] $memory\mem$rdmux[0][8][7]$b$2055 [1] } = { $memory\mem$rdmux[0][8][7]$b$2055 [2] $memory\mem$rdmux[0][8][7]$b$2055 [2] $memory\mem$rdmux[0][8][7]$b$2055 [2] $memory\mem$rdmux[0][8][7]$b$2055 [2] $memory\mem$rdmux[0][8][7]$b$2055 [2] $memory\mem$rdmux[0][8][7]$b$2055 [2] 1'0 $memory\mem$rdmux[0][8][7]$b$2055 [2] 7'0000000 $memory\mem$rdmux[0][8][7]$b$2055 [2] $memory\mem$rdmux[0][8][7]$b$2055 [0] 6'000000 $memory\mem$rdmux[0][8][7]$b$2055 [2] 1'0 $memory\mem$rdmux[0][8][7]$b$2055 [0] $memory\mem$rdmux[0][8][7]$b$2055 [0] 1'0 }
    Consolidated identical input bits for $mux cell $memory\mem$rdmux[0][9][8]$2824:
      Old ports: A=30'000000001101011110100000001000, B=30'111111101110011110101110001000, Y=$memory\mem$rdmux[0][8][4]$a$2045
      New ports: A=2'10, B=2'01, Y={ $memory\mem$rdmux[0][8][4]$a$2045 [18] $memory\mem$rdmux[0][8][4]$a$2045 [7] }
      New connections: { $memory\mem$rdmux[0][8][4]$a$2045 [29:19] $memory\mem$rdmux[0][8][4]$a$2045 [17:8] $memory\mem$rdmux[0][8][4]$a$2045 [6:0] } = { $memory\mem$rdmux[0][8][4]$a$2045 [7] $memory\mem$rdmux[0][8][4]$a$2045 [7] $memory\mem$rdmux[0][8][4]$a$2045 [7] $memory\mem$rdmux[0][8][4]$a$2045 [7] $memory\mem$rdmux[0][8][4]$a$2045 [7] $memory\mem$rdmux[0][8][4]$a$2045 [7] $memory\mem$rdmux[0][8][4]$a$2045 [7] 3'011 $memory\mem$rdmux[0][8][4]$a$2045 [7] 8'01111010 $memory\mem$rdmux[0][8][4]$a$2045 [7] $memory\mem$rdmux[0][8][4]$a$2045 [7] 7'0001000 }
    Consolidated identical input bits for $mux cell $memory\mem$rdmux[0][9][9]$2827:
      Old ports: A=30'111111111100011110000111100100, B=30'000000001100011110001010011000, Y=$memory\mem$rdmux[0][8][4]$b$2046
      New ports: A=2'01, B=2'10, Y=$memory\mem$rdmux[0][8][4]$b$2046 [3:2]
      New connections: { $memory\mem$rdmux[0][8][4]$b$2046 [29:4] $memory\mem$rdmux[0][8][4]$b$2046 [1:0] } = { $memory\mem$rdmux[0][8][4]$b$2046 [2] $memory\mem$rdmux[0][8][4]$b$2046 [2] $memory\mem$rdmux[0][8][4]$b$2046 [2] $memory\mem$rdmux[0][8][4]$b$2046 [2] $memory\mem$rdmux[0][8][4]$b$2046 [2] $memory\mem$rdmux[0][8][4]$b$2046 [2] $memory\mem$rdmux[0][8][4]$b$2046 [2] $memory\mem$rdmux[0][8][4]$b$2046 [2] 12'110001111000 $memory\mem$rdmux[0][8][4]$b$2046 [3:2] 1'1 $memory\mem$rdmux[0][8][4]$b$2046 [2] $memory\mem$rdmux[0][8][4]$b$2046 [2] $memory\mem$rdmux[0][8][4]$b$2046 [3] 2'00 }
    Consolidated identical input bits for $mux cell $memory\mem$rdmux[0][9][6]$2818:
      Old ports: A=30'000000000010100010010111100100, B=30'000000001111010100000101001100, Y=$memory\mem$rdmux[0][8][3]$a$2042
      New ports: A=2'10, B=2'01, Y={ $memory\mem$rdmux[0][8][3]$a$2042 [5] $memory\mem$rdmux[0][8][3]$a$2042 [3] }
      New connections: { $memory\mem$rdmux[0][8][3]$a$2042 [29:6] $memory\mem$rdmux[0][8][3]$a$2042 [4] $memory\mem$rdmux[0][8][3]$a$2042 [2:0] } = { 8'00000000 $memory\mem$rdmux[0][8][3]$a$2042 [3] $memory\mem$rdmux[0][8][3]$a$2042 [3] 1'1 $memory\mem$rdmux[0][8][3]$a$2042 [3] $memory\mem$rdmux[0][8][3]$a$2042 [5] $memory\mem$rdmux[0][8][3]$a$2042 [3] 1'0 $memory\mem$rdmux[0][8][3]$a$2042 [3] $memory\mem$rdmux[0][8][3]$a$2042 [5] 2'00 $memory\mem$rdmux[0][8][3]$a$2042 [5] 2'01 $memory\mem$rdmux[0][8][3]$a$2042 [5] 5'10100 }
    Consolidated identical input bits for $mux cell $memory\mem$rdmux[0][9][14]$2842:
      Old ports: A=30'111111110001010111000000111000, B=30'111111101101111111110000011011, Y=$memory\mem$rdmux[0][8][7]$a$2054
      New ports: A=2'10, B=2'01, Y={ $memory\mem$rdmux[0][8][7]$a$2054 [5] $memory\mem$rdmux[0][8][7]$a$2054 [0] }
      New connections: { $memory\mem$rdmux[0][8][7]$a$2054 [29:6] $memory\mem$rdmux[0][8][7]$a$2054 [4:1] } = { 7'1111111 $memory\mem$rdmux[0][8][7]$a$2054 [5] $memory\mem$rdmux[0][8][7]$a$2054 [0] $memory\mem$rdmux[0][8][7]$a$2054 [0] 2'01 $memory\mem$rdmux[0][8][7]$a$2054 [0] 1'1 $memory\mem$rdmux[0][8][7]$a$2054 [0] 3'111 $memory\mem$rdmux[0][8][7]$a$2054 [0] $memory\mem$rdmux[0][8][7]$a$2054 [0] 7'0000110 $memory\mem$rdmux[0][8][7]$a$2054 [0] }
    Consolidated identical input bits for $mux cell $memory\mem$rdmux[0][9][13]$2839:
      Old ports: A=30'000000010000010110001000011000, B=30'000000000000010100000111100100, Y=$memory\mem$rdmux[0][8][6]$b$2052
      New ports: A=2'10, B=2'01, Y=$memory\mem$rdmux[0][8][6]$b$2052 [3:2]
      New connections: { $memory\mem$rdmux[0][8][6]$b$2052 [29:4] $memory\mem$rdmux[0][8][6]$b$2052 [1:0] } = { 7'0000000 $memory\mem$rdmux[0][8][6]$b$2052 [3] 8'00000101 $memory\mem$rdmux[0][8][6]$b$2052 [3] 3'000 $memory\mem$rdmux[0][8][6]$b$2052 [3:2] $memory\mem$rdmux[0][8][6]$b$2052 [2] $memory\mem$rdmux[0][8][6]$b$2052 [2] $memory\mem$rdmux[0][8][6]$b$2052 [2] $memory\mem$rdmux[0][8][6]$b$2052 [3] 2'00 }
    Consolidated identical input bits for $mux cell $memory\mem$rdmux[0][9][3]$2809:
      Old ports: A=30'000000001111010110100000001000, B=30'000000000000000010000000011001, Y=$memory\mem$rdmux[0][8][1]$b$2037
      New ports: A=2'10, B=2'01, Y={ $memory\mem$rdmux[0][8][1]$b$2037 [11] $memory\mem$rdmux[0][8][1]$b$2037 [0] }
      New connections: { $memory\mem$rdmux[0][8][1]$b$2037 [29:12] $memory\mem$rdmux[0][8][1]$b$2037 [10:1] } = { 8'00000000 $memory\mem$rdmux[0][8][1]$b$2037 [11] $memory\mem$rdmux[0][8][1]$b$2037 [11] $memory\mem$rdmux[0][8][1]$b$2037 [11] $memory\mem$rdmux[0][8][1]$b$2037 [11] 1'0 $memory\mem$rdmux[0][8][1]$b$2037 [11] 1'0 $memory\mem$rdmux[0][8][1]$b$2037 [11] 8'10000000 $memory\mem$rdmux[0][8][1]$b$2037 [0] 3'100 }
    Consolidated identical input bits for $mux cell $memory\mem$rdmux[0][9][2]$2806:
      Old ports: A=30'000000000000010110100111000000, B=30'000000001110010100100000001000, Y=$memory\mem$rdmux[0][8][1]$a$2036
      New ports: A=2'10, B=2'01, Y={ $memory\mem$rdmux[0][8][1]$a$2036 [6] $memory\mem$rdmux[0][8][1]$a$2036 [3] }
      New connections: { $memory\mem$rdmux[0][8][1]$a$2036 [29:7] $memory\mem$rdmux[0][8][1]$a$2036 [5:4] $memory\mem$rdmux[0][8][1]$a$2036 [2:0] } = { 8'00000000 $memory\mem$rdmux[0][8][1]$a$2036 [3] $memory\mem$rdmux[0][8][1]$a$2036 [3] $memory\mem$rdmux[0][8][1]$a$2036 [3] 5'00101 $memory\mem$rdmux[0][8][1]$a$2036 [6] 4'0100 $memory\mem$rdmux[0][8][1]$a$2036 [6] $memory\mem$rdmux[0][8][1]$a$2036 [6] 5'00000 }
    Consolidated identical input bits for $mux cell $memory\mem$rdmux[0][9][20]$2860:
      Old ports: A=30'000000000100000000000111100100, B=30'000000001111000100101100001000, Y=$memory\mem$rdmux[0][8][10]$a$2063
      New ports: A=2'01, B=2'10, Y=$memory\mem$rdmux[0][8][10]$a$2063 [3:2]
      New connections: { $memory\mem$rdmux[0][8][10]$a$2063 [29:4] $memory\mem$rdmux[0][8][10]$a$2063 [1:0] } = { 8'00000000 $memory\mem$rdmux[0][8][10]$a$2063 [3] 1'1 $memory\mem$rdmux[0][8][10]$a$2063 [3] $memory\mem$rdmux[0][8][10]$a$2063 [3] 3'000 $memory\mem$rdmux[0][8][10]$a$2063 [3] 2'00 $memory\mem$rdmux[0][8][10]$a$2063 [3] 1'0 $memory\mem$rdmux[0][8][10]$a$2063 [3] 1'1 $memory\mem$rdmux[0][8][10]$a$2063 [2] $memory\mem$rdmux[0][8][10]$a$2063 [2] $memory\mem$rdmux[0][8][10]$a$2063 [2] 3'000 }
  Optimizing cells in module \instruction_memory.
    Consolidated identical input bits for $mux cell $memory\mem$rdmux[0][8][9]$2059:
      Old ports: A=$memory\mem$rdmux[0][8][9]$a$2060, B=$memory\mem$rdmux[0][8][9]$b$2061, Y=$memory\mem$rdmux[0][7][4]$b$1662
      New ports: A={ $memory\mem$rdmux[0][8][9]$a$2060 [3:2] $memory\mem$rdmux[0][8][9]$a$2060 [3:2] }, B={ 2'11 $memory\mem$rdmux[0][8][9]$b$2061 [3:2] }, Y={ $memory\mem$rdmux[0][7][4]$b$1662 [18] $memory\mem$rdmux[0][7][4]$b$1662 [7] $memory\mem$rdmux[0][7][4]$b$1662 [3:2] }
      New connections: { $memory\mem$rdmux[0][7][4]$b$1662 [29:19] $memory\mem$rdmux[0][7][4]$b$1662 [17:8] $memory\mem$rdmux[0][7][4]$b$1662 [6:4] $memory\mem$rdmux[0][7][4]$b$1662 [1:0] } = { 8'00000000 $memory\mem$rdmux[0][7][4]$b$1662 [3] $memory\mem$rdmux[0][7][4]$b$1662 [18] 4'1000 $memory\mem$rdmux[0][7][4]$b$1662 [3] 2'00 $memory\mem$rdmux[0][7][4]$b$1662 [3] 1'0 $memory\mem$rdmux[0][7][4]$b$1662 [3:2] $memory\mem$rdmux[0][7][4]$b$1662 [2] $memory\mem$rdmux[0][7][4]$b$1662 [2] 3'000 }
    Consolidated identical input bits for $mux cell $memory\mem$rdmux[0][8][12]$2068:
      Old ports: A=$memory\mem$rdmux[0][8][12]$a$2069, B=$memory\mem$rdmux[0][8][12]$b$2070, Y=$memory\mem$rdmux[0][7][6]$a$1667
      New ports: A={ 2'11 $memory\mem$rdmux[0][8][12]$a$2069 [8] $memory\mem$rdmux[0][8][12]$a$2069 [5] 2'00 }, B={ $memory\mem$rdmux[0][8][12]$b$2070 [2] 3'000 $memory\mem$rdmux[0][8][12]$b$2070 [2] $memory\mem$rdmux[0][8][12]$b$2070 [0] }, Y={ $memory\mem$rdmux[0][7][6]$a$1667 [14] $memory\mem$rdmux[0][7][6]$a$1667 [11] $memory\mem$rdmux[0][7][6]$a$1667 [8] $memory\mem$rdmux[0][7][6]$a$1667 [5] $memory\mem$rdmux[0][7][6]$a$1667 [2] $memory\mem$rdmux[0][7][6]$a$1667 [0] }
      New connections: { $memory\mem$rdmux[0][7][6]$a$1667 [29:15] $memory\mem$rdmux[0][7][6]$a$1667 [13:12] $memory\mem$rdmux[0][7][6]$a$1667 [10:9] $memory\mem$rdmux[0][7][6]$a$1667 [7:6] $memory\mem$rdmux[0][7][6]$a$1667 [4:3] $memory\mem$rdmux[0][7][6]$a$1667 [1] } = { 6'000000 $memory\mem$rdmux[0][7][6]$a$1667 [14] $memory\mem$rdmux[0][7][6]$a$1667 [2] $memory\mem$rdmux[0][7][6]$a$1667 [11] $memory\mem$rdmux[0][7][6]$a$1667 [5] 5'00000 $memory\mem$rdmux[0][7][6]$a$1667 [0] 4'0000 $memory\mem$rdmux[0][7][6]$a$1667 [2] $memory\mem$rdmux[0][7][6]$a$1667 [0] $memory\mem$rdmux[0][7][6]$a$1667 [0] 1'0 }
    Consolidated identical input bits for $mux cell $memory\mem$rdmux[0][8][8]$2056:
      Old ports: A=$memory\mem$rdmux[0][8][8]$a$2057, B=$memory\mem$rdmux[0][8][8]$b$2058, Y=$memory\mem$rdmux[0][7][4]$a$1661
      New ports: A={ 1'1 $memory\mem$rdmux[0][8][8]$a$2057 [21] 2'00 $memory\mem$rdmux[0][8][8]$a$2057 [7] $memory\mem$rdmux[0][8][8]$a$2057 [7] 2'10 }, B={ 2'01 $memory\mem$rdmux[0][8][8]$b$2058 [3] 1'1 $memory\mem$rdmux[0][8][8]$b$2058 [3] 1'1 $memory\mem$rdmux[0][8][8]$b$2058 [3:2] }, Y={ $memory\mem$rdmux[0][7][4]$a$1661 [23] $memory\mem$rdmux[0][7][4]$a$1661 [21:18] $memory\mem$rdmux[0][7][4]$a$1661 [7] $memory\mem$rdmux[0][7][4]$a$1661 [3:2] }
      New connections: { $memory\mem$rdmux[0][7][4]$a$1661 [29:24] $memory\mem$rdmux[0][7][4]$a$1661 [22] $memory\mem$rdmux[0][7][4]$a$1661 [17:8] $memory\mem$rdmux[0][7][4]$a$1661 [6:4] $memory\mem$rdmux[0][7][4]$a$1661 [1:0] } = { 10'0000000000 $memory\mem$rdmux[0][7][4]$a$1661 [3] 2'00 $memory\mem$rdmux[0][7][4]$a$1661 [3] 3'001 $memory\mem$rdmux[0][7][4]$a$1661 [2] $memory\mem$rdmux[0][7][4]$a$1661 [2] 3'000 }
    Consolidated identical input bits for $mux cell $memory\mem$rdmux[0][8][5]$2047:
      Old ports: A=$memory\mem$rdmux[0][8][5]$a$2048, B=$memory\mem$rdmux[0][8][5]$b$2049, Y=$memory\mem$rdmux[0][7][2]$b$1656
      New ports: A={ $memory\mem$rdmux[0][8][5]$a$2048 [5] $memory\mem$rdmux[0][8][5]$a$2048 [5] 3'101 $memory\mem$rdmux[0][8][5]$a$2048 [6:5] 2'00 }, B={ 2'01 $memory\mem$rdmux[0][8][5]$b$2049 [0] $memory\mem$rdmux[0][8][5]$b$2049 [5] 2'00 $memory\mem$rdmux[0][8][5]$b$2049 [5] 1'1 $memory\mem$rdmux[0][8][5]$b$2049 [0] }, Y={ $memory\mem$rdmux[0][7][2]$b$1656 [22] $memory\mem$rdmux[0][7][2]$b$1656 [20] $memory\mem$rdmux[0][7][2]$b$1656 [11] $memory\mem$rdmux[0][7][2]$b$1656 [9] $memory\mem$rdmux[0][7][2]$b$1656 [7:5] $memory\mem$rdmux[0][7][2]$b$1656 [3] $memory\mem$rdmux[0][7][2]$b$1656 [0] }
      New connections: { $memory\mem$rdmux[0][7][2]$b$1656 [29:23] $memory\mem$rdmux[0][7][2]$b$1656 [21] $memory\mem$rdmux[0][7][2]$b$1656 [19:12] $memory\mem$rdmux[0][7][2]$b$1656 [10] $memory\mem$rdmux[0][7][2]$b$1656 [8] $memory\mem$rdmux[0][7][2]$b$1656 [4] $memory\mem$rdmux[0][7][2]$b$1656 [2:1] } = { $memory\mem$rdmux[0][7][2]$b$1656 [20] $memory\mem$rdmux[0][7][2]$b$1656 [20] $memory\mem$rdmux[0][7][2]$b$1656 [20] $memory\mem$rdmux[0][7][2]$b$1656 [20] $memory\mem$rdmux[0][7][2]$b$1656 [20] $memory\mem$rdmux[0][7][2]$b$1656 [20] $memory\mem$rdmux[0][7][2]$b$1656 [20] $memory\mem$rdmux[0][7][2]$b$1656 [5] 1'0 $memory\mem$rdmux[0][7][2]$b$1656 [3] $memory\mem$rdmux[0][7][2]$b$1656 [0] 3'111 $memory\mem$rdmux[0][7][2]$b$1656 [11] $memory\mem$rdmux[0][7][2]$b$1656 [3] $memory\mem$rdmux[0][7][2]$b$1656 [3] $memory\mem$rdmux[0][7][2]$b$1656 [7] $memory\mem$rdmux[0][7][2]$b$1656 [3] 1'0 $memory\mem$rdmux[0][7][2]$b$1656 [0] }
    Consolidated identical input bits for $mux cell $memory\mem$rdmux[0][8][7]$2053:
      Old ports: A=$memory\mem$rdmux[0][8][7]$a$2054, B=$memory\mem$rdmux[0][8][7]$b$2055, Y=$memory\mem$rdmux[0][7][3]$b$1659
      New ports: A={ $memory\mem$rdmux[0][8][7]$a$2054 [5] 2'11 $memory\mem$rdmux[0][8][7]$a$2054 [5] 2'10 $memory\mem$rdmux[0][8][7]$a$2054 [0] $memory\mem$rdmux[0][8][7]$a$2054 [0] }, B={ $memory\mem$rdmux[0][8][7]$b$2055 [2] $memory\mem$rdmux[0][8][7]$b$2055 [2] 2'00 $memory\mem$rdmux[0][8][7]$b$2055 [0] $memory\mem$rdmux[0][8][7]$b$2055 [2] 1'0 $memory\mem$rdmux[0][8][7]$b$2055 [0] }, Y={ $memory\mem$rdmux[0][7][3]$b$1659 [22] $memory\mem$rdmux[0][7][3]$b$1659 [14] $memory\mem$rdmux[0][7][3]$b$1659 [12] $memory\mem$rdmux[0][7][3]$b$1659 [5] $memory\mem$rdmux[0][7][3]$b$1659 [3:0] }
      New connections: { $memory\mem$rdmux[0][7][3]$b$1659 [29:23] $memory\mem$rdmux[0][7][3]$b$1659 [21:15] $memory\mem$rdmux[0][7][3]$b$1659 [13] $memory\mem$rdmux[0][7][3]$b$1659 [11:6] $memory\mem$rdmux[0][7][3]$b$1659 [4] } = { $memory\mem$rdmux[0][7][3]$b$1659 [14] $memory\mem$rdmux[0][7][3]$b$1659 [14] $memory\mem$rdmux[0][7][3]$b$1659 [14] $memory\mem$rdmux[0][7][3]$b$1659 [14] $memory\mem$rdmux[0][7][3]$b$1659 [14] $memory\mem$rdmux[0][7][3]$b$1659 [14] $memory\mem$rdmux[0][7][3]$b$1659 [12] $memory\mem$rdmux[0][7][3]$b$1659 [1] $memory\mem$rdmux[0][7][3]$b$1659 [1] 1'0 $memory\mem$rdmux[0][7][3]$b$1659 [12] $memory\mem$rdmux[0][7][3]$b$1659 [1] $memory\mem$rdmux[0][7][3]$b$1659 [12] $memory\mem$rdmux[0][7][3]$b$1659 [1] $memory\mem$rdmux[0][7][3]$b$1659 [3] $memory\mem$rdmux[0][7][3]$b$1659 [1] $memory\mem$rdmux[0][7][3]$b$1659 [1] 3'000 $memory\mem$rdmux[0][7][3]$b$1659 [2] $memory\mem$rdmux[0][7][3]$b$1659 [3] }
    Consolidated identical input bits for $mux cell $memory\mem$rdmux[0][8][3]$2041:
      Old ports: A=$memory\mem$rdmux[0][8][3]$a$2042, B=$memory\mem$rdmux[0][8][3]$b$2043, Y=$memory\mem$rdmux[0][7][1]$b$1653
      New ports: A={ 1'1 $memory\mem$rdmux[0][8][3]$a$2042 [3] $memory\mem$rdmux[0][8][3]$a$2042 [5] $memory\mem$rdmux[0][8][3]$a$2042 [5] $memory\mem$rdmux[0][8][3]$a$2042 [3] 2'10 }, B={ 3'000 $memory\mem$rdmux[0][8][3]$b$2043 [2] $memory\mem$rdmux[0][8][3]$b$2043 [0] $memory\mem$rdmux[0][8][3]$b$2043 [2] $memory\mem$rdmux[0][8][3]$b$2043 [0] }, Y={ $memory\mem$rdmux[0][7][1]$b$1653 [19] $memory\mem$rdmux[0][7][1]$b$1653 [14] $memory\mem$rdmux[0][7][1]$b$1653 [7] $memory\mem$rdmux[0][7][1]$b$1653 [5] $memory\mem$rdmux[0][7][1]$b$1653 [3:2] $memory\mem$rdmux[0][7][1]$b$1653 [0] }
      New connections: { $memory\mem$rdmux[0][7][1]$b$1653 [29:20] $memory\mem$rdmux[0][7][1]$b$1653 [18:15] $memory\mem$rdmux[0][7][1]$b$1653 [13:8] $memory\mem$rdmux[0][7][1]$b$1653 [6] $memory\mem$rdmux[0][7][1]$b$1653 [4] $memory\mem$rdmux[0][7][1]$b$1653 [1] } = { 6'000000 $memory\mem$rdmux[0][7][1]$b$1653 [0] $memory\mem$rdmux[0][7][1]$b$1653 [0] $memory\mem$rdmux[0][7][1]$b$1653 [14] $memory\mem$rdmux[0][7][1]$b$1653 [14] $memory\mem$rdmux[0][7][1]$b$1653 [14] $memory\mem$rdmux[0][7][1]$b$1653 [7] $memory\mem$rdmux[0][7][1]$b$1653 [14] 1'0 $memory\mem$rdmux[0][7][1]$b$1653 [7] 2'00 $memory\mem$rdmux[0][7][1]$b$1653 [7] 1'0 $memory\mem$rdmux[0][7][1]$b$1653 [2] $memory\mem$rdmux[0][7][1]$b$1653 [2] $memory\mem$rdmux[0][7][1]$b$1653 [0] $memory\mem$rdmux[0][7][1]$b$1653 [0] }
    Consolidated identical input bits for $mux cell $memory\mem$rdmux[0][8][0]$2032:
      Old ports: A=$memory\mem$rdmux[0][8][0]$a$2033, B=$memory\mem$rdmux[0][8][0]$b$2034, Y=$memory\mem$rdmux[0][7][0]$a$1649
      New ports: A={ $memory\mem$rdmux[0][8][0]$a$2033 [1] 1'0 $memory\mem$rdmux[0][8][0]$a$2033 [2:1] $memory\mem$rdmux[0][8][0]$a$2033 [2:1] 1'1 }, B={ 1'0 $memory\mem$rdmux[0][8][0]$b$2034 [5] $memory\mem$rdmux[0][8][0]$b$2034 [5] $memory\mem$rdmux[0][8][0]$b$2034 [5] 1'0 $memory\mem$rdmux[0][8][0]$b$2034 [0] $memory\mem$rdmux[0][8][0]$b$2034 [0] }, Y={ $memory\mem$rdmux[0][7][0]$a$1649 [21] $memory\mem$rdmux[0][7][0]$a$1649 [7:5] $memory\mem$rdmux[0][7][0]$a$1649 [2:0] }
      New connections: { $memory\mem$rdmux[0][7][0]$a$1649 [29:22] $memory\mem$rdmux[0][7][0]$a$1649 [20:8] $memory\mem$rdmux[0][7][0]$a$1649 [4:3] } = { 5'00000 $memory\mem$rdmux[0][7][0]$a$1649 [21] $memory\mem$rdmux[0][7][0]$a$1649 [21] $memory\mem$rdmux[0][7][0]$a$1649 [21] 4'0000 $memory\mem$rdmux[0][7][0]$a$1649 [7] 1'0 $memory\mem$rdmux[0][7][0]$a$1649 [7] 2'00 $memory\mem$rdmux[0][7][0]$a$1649 [7] $memory\mem$rdmux[0][7][0]$a$1649 [2] 1'0 $memory\mem$rdmux[0][7][0]$a$1649 [7] $memory\mem$rdmux[0][7][0]$a$1649 [1:0] }
    Consolidated identical input bits for $mux cell $memory\mem$rdmux[0][8][1]$2035:
      Old ports: A=$memory\mem$rdmux[0][8][1]$a$2036, B=$memory\mem$rdmux[0][8][1]$b$2037, Y=$memory\mem$rdmux[0][7][0]$b$1650
      New ports: A={ $memory\mem$rdmux[0][8][1]$a$2036 [3] 1'0 $memory\mem$rdmux[0][8][1]$a$2036 [6] 1'1 $memory\mem$rdmux[0][8][1]$a$2036 [6] $memory\mem$rdmux[0][8][1]$a$2036 [3] 1'0 }, B={ $memory\mem$rdmux[0][8][1]$b$2037 [11] $memory\mem$rdmux[0][8][1]$b$2037 [11] 1'1 $memory\mem$rdmux[0][8][1]$b$2037 [11] 2'01 $memory\mem$rdmux[0][8][1]$b$2037 [0] }, Y={ $memory\mem$rdmux[0][7][0]$b$1650 [19:18] $memory\mem$rdmux[0][7][0]$b$1650 [13] $memory\mem$rdmux[0][7][0]$b$1650 [11] $memory\mem$rdmux[0][7][0]$b$1650 [6] $memory\mem$rdmux[0][7][0]$b$1650 [3] $memory\mem$rdmux[0][7][0]$b$1650 [0] }
      New connections: { $memory\mem$rdmux[0][7][0]$b$1650 [29:20] $memory\mem$rdmux[0][7][0]$b$1650 [17:14] $memory\mem$rdmux[0][7][0]$b$1650 [12] $memory\mem$rdmux[0][7][0]$b$1650 [10:7] $memory\mem$rdmux[0][7][0]$b$1650 [5:4] $memory\mem$rdmux[0][7][0]$b$1650 [2:1] } = { 8'00000000 $memory\mem$rdmux[0][7][0]$b$1650 [19] $memory\mem$rdmux[0][7][0]$b$1650 [19] 1'0 $memory\mem$rdmux[0][7][0]$b$1650 [11] 1'0 $memory\mem$rdmux[0][7][0]$b$1650 [11] 3'000 $memory\mem$rdmux[0][7][0]$b$1650 [6] $memory\mem$rdmux[0][7][0]$b$1650 [6] 1'0 $memory\mem$rdmux[0][7][0]$b$1650 [0] 2'00 }
    Consolidated identical input bits for $mux cell $memory\mem$rdmux[0][8][4]$2044:
      Old ports: A=$memory\mem$rdmux[0][8][4]$a$2045, B=$memory\mem$rdmux[0][8][4]$b$2046, Y=$memory\mem$rdmux[0][7][2]$a$1655
      New ports: A={ $memory\mem$rdmux[0][8][4]$a$2045 [7] $memory\mem$rdmux[0][8][4]$a$2045 [18] 1'1 $memory\mem$rdmux[0][8][4]$a$2045 [7] $memory\mem$rdmux[0][8][4]$a$2045 [7] $memory\mem$rdmux[0][8][4]$a$2045 [7] 3'010 }, B={ 3'000 $memory\mem$rdmux[0][8][4]$b$2046 [3:2] 1'1 $memory\mem$rdmux[0][8][4]$b$2046 [3] $memory\mem$rdmux[0][8][4]$b$2046 [3:2] }, Y={ $memory\mem$rdmux[0][7][2]$a$1655 [19:18] $memory\mem$rdmux[0][7][2]$a$1655 [11] $memory\mem$rdmux[0][7][2]$a$1655 [9:7] $memory\mem$rdmux[0][7][2]$a$1655 [4:2] }
      New connections: { $memory\mem$rdmux[0][7][2]$a$1655 [29:20] $memory\mem$rdmux[0][7][2]$a$1655 [17:12] $memory\mem$rdmux[0][7][2]$a$1655 [10] $memory\mem$rdmux[0][7][2]$a$1655 [6:5] $memory\mem$rdmux[0][7][2]$a$1655 [1:0] } = { $memory\mem$rdmux[0][7][2]$a$1655 [8] $memory\mem$rdmux[0][7][2]$a$1655 [8] $memory\mem$rdmux[0][7][2]$a$1655 [8] $memory\mem$rdmux[0][7][2]$a$1655 [8] $memory\mem$rdmux[0][7][2]$a$1655 [8] $memory\mem$rdmux[0][7][2]$a$1655 [8] $memory\mem$rdmux[0][7][2]$a$1655 [8] $memory\mem$rdmux[0][7][2]$a$1655 [2] 9'110111100 $memory\mem$rdmux[0][7][2]$a$1655 [2] $memory\mem$rdmux[0][7][2]$a$1655 [2] 2'00 }
    Consolidated identical input bits for $mux cell $memory\mem$rdmux[0][8][6]$2050:
      Old ports: A=$memory\mem$rdmux[0][8][6]$a$2051, B=$memory\mem$rdmux[0][8][6]$b$2052, Y=$memory\mem$rdmux[0][7][3]$a$1658
      New ports: A={ $memory\mem$rdmux[0][8][6]$a$2051 [5] $memory\mem$rdmux[0][8][6]$a$2051 [7] $memory\mem$rdmux[0][8][6]$a$2051 [5] $memory\mem$rdmux[0][8][6]$a$2051 [5] $memory\mem$rdmux[0][8][6]$a$2051 [7] $memory\mem$rdmux[0][8][6]$a$2051 [5] 2'01 }, B={ 3'001 $memory\mem$rdmux[0][8][6]$b$2052 [3:2] $memory\mem$rdmux[0][8][6]$b$2052 [2] $memory\mem$rdmux[0][8][6]$b$2052 [3:2] }, Y={ $memory\mem$rdmux[0][7][3]$a$1658 [18] $memory\mem$rdmux[0][7][3]$a$1658 [15:13] $memory\mem$rdmux[0][7][3]$a$1658 [7] $memory\mem$rdmux[0][7][3]$a$1658 [5] $memory\mem$rdmux[0][7][3]$a$1658 [3:2] }
      New connections: { $memory\mem$rdmux[0][7][3]$a$1658 [29:19] $memory\mem$rdmux[0][7][3]$a$1658 [17:16] $memory\mem$rdmux[0][7][3]$a$1658 [12:8] $memory\mem$rdmux[0][7][3]$a$1658 [6] $memory\mem$rdmux[0][7][3]$a$1658 [4] $memory\mem$rdmux[0][7][3]$a$1658 [1:0] } = { 7'0000000 $memory\mem$rdmux[0][7][3]$a$1658 [3] 1'0 $memory\mem$rdmux[0][7][3]$a$1658 [15] 6'001000 $memory\mem$rdmux[0][7][3]$a$1658 [3:2] $memory\mem$rdmux[0][7][3]$a$1658 [5] $memory\mem$rdmux[0][7][3]$a$1658 [3] 2'00 }
    Consolidated identical input bits for $mux cell $memory\mem$rdmux[0][8][11]$2065:
      Old ports: A=$memory\mem$rdmux[0][8][11]$a$2066, B=$memory\mem$rdmux[0][8][11]$b$2067, Y=$memory\mem$rdmux[0][7][5]$b$1665
      New ports: A={ 2'10 $memory\mem$rdmux[0][8][11]$a$2066 [14] $memory\mem$rdmux[0][8][11]$a$2066 [5] 2'10 }, B={ 2'01 $memory\mem$rdmux[0][8][11]$b$2067 [0] $memory\mem$rdmux[0][8][11]$b$2067 [0] $memory\mem$rdmux[0][8][11]$b$2067 [2] $memory\mem$rdmux[0][8][11]$b$2067 [0] }, Y={ $memory\mem$rdmux[0][7][5]$b$1665 [20] $memory\mem$rdmux[0][7][5]$b$1665 [16] $memory\mem$rdmux[0][7][5]$b$1665 [14] $memory\mem$rdmux[0][7][5]$b$1665 [5] $memory\mem$rdmux[0][7][5]$b$1665 [2] $memory\mem$rdmux[0][7][5]$b$1665 [0] }
      New connections: { $memory\mem$rdmux[0][7][5]$b$1665 [29:21] $memory\mem$rdmux[0][7][5]$b$1665 [19:17] $memory\mem$rdmux[0][7][5]$b$1665 [15] $memory\mem$rdmux[0][7][5]$b$1665 [13:6] $memory\mem$rdmux[0][7][5]$b$1665 [4:3] $memory\mem$rdmux[0][7][5]$b$1665 [1] } = { $memory\mem$rdmux[0][7][5]$b$1665 [0] $memory\mem$rdmux[0][7][5]$b$1665 [0] $memory\mem$rdmux[0][7][5]$b$1665 [0] $memory\mem$rdmux[0][7][5]$b$1665 [0] 1'0 $memory\mem$rdmux[0][7][5]$b$1665 [0] $memory\mem$rdmux[0][7][5]$b$1665 [0] 1'0 $memory\mem$rdmux[0][7][5]$b$1665 [14] 1'0 $memory\mem$rdmux[0][7][5]$b$1665 [5] $memory\mem$rdmux[0][7][5]$b$1665 [0] $memory\mem$rdmux[0][7][5]$b$1665 [0] $memory\mem$rdmux[0][7][5]$b$1665 [0] $memory\mem$rdmux[0][7][5]$b$1665 [0] $memory\mem$rdmux[0][7][5]$b$1665 [0] $memory\mem$rdmux[0][7][5]$b$1665 [0] 1'0 $memory\mem$rdmux[0][7][5]$b$1665 [2] 1'0 $memory\mem$rdmux[0][7][5]$b$1665 [2] $memory\mem$rdmux[0][7][5]$b$1665 [0] $memory\mem$rdmux[0][7][5]$b$1665 [0] $memory\mem$rdmux[0][7][5]$b$1665 [0] }
    Consolidated identical input bits for $mux cell $memory\mem$rdmux[0][8][2]$2038:
      Old ports: A=$memory\mem$rdmux[0][8][2]$a$2039, B=$memory\mem$rdmux[0][8][2]$b$2040, Y=$memory\mem$rdmux[0][7][1]$a$1652
      New ports: A={ 2'10 $memory\mem$rdmux[0][8][2]$a$2039 [2] $memory\mem$rdmux[0][8][2]$a$2039 [2] 2'10 $memory\mem$rdmux[0][8][2]$a$2039 [3:2] $memory\mem$rdmux[0][8][2]$a$2039 [3:2] }, B={ 1'0 $memory\mem$rdmux[0][8][2]$b$2040 [9] $memory\mem$rdmux[0][8][2]$b$2040 [7] $memory\mem$rdmux[0][8][2]$b$2040 [9] $memory\mem$rdmux[0][8][2]$b$2040 [9] $memory\mem$rdmux[0][8][2]$b$2040 [7] $memory\mem$rdmux[0][8][2]$b$2040 [7] 3'001 }, Y={ $memory\mem$rdmux[0][7][1]$a$1652 [18:17] $memory\mem$rdmux[0][7][1]$a$1652 [14:13] $memory\mem$rdmux[0][7][1]$a$1652 [9:7] $memory\mem$rdmux[0][7][1]$a$1652 [5] $memory\mem$rdmux[0][7][1]$a$1652 [3:2] }
      New connections: { $memory\mem$rdmux[0][7][1]$a$1652 [29:19] $memory\mem$rdmux[0][7][1]$a$1652 [16:15] $memory\mem$rdmux[0][7][1]$a$1652 [12:10] $memory\mem$rdmux[0][7][1]$a$1652 [6] $memory\mem$rdmux[0][7][1]$a$1652 [4] $memory\mem$rdmux[0][7][1]$a$1652 [1:0] } = { $memory\mem$rdmux[0][7][1]$a$1652 [5] $memory\mem$rdmux[0][7][1]$a$1652 [5] $memory\mem$rdmux[0][7][1]$a$1652 [5] $memory\mem$rdmux[0][7][1]$a$1652 [5] $memory\mem$rdmux[0][7][1]$a$1652 [5] $memory\mem$rdmux[0][7][1]$a$1652 [18] $memory\mem$rdmux[0][7][1]$a$1652 [5] $memory\mem$rdmux[0][7][1]$a$1652 [18] $memory\mem$rdmux[0][7][1]$a$1652 [5] $memory\mem$rdmux[0][7][1]$a$1652 [5] $memory\mem$rdmux[0][7][1]$a$1652 [5] $memory\mem$rdmux[0][7][1]$a$1652 [14] 1'0 $memory\mem$rdmux[0][7][1]$a$1652 [3] 1'0 $memory\mem$rdmux[0][7][1]$a$1652 [3] 1'0 $memory\mem$rdmux[0][7][1]$a$1652 [3] 2'00 }
    Consolidated identical input bits for $mux cell $memory\mem$rdmux[0][8][10]$2062:
      Old ports: A=$memory\mem$rdmux[0][8][10]$a$2063, B=$memory\mem$rdmux[0][8][10]$b$2064, Y=$memory\mem$rdmux[0][7][5]$a$1664
      New ports: A={ 1'1 $memory\mem$rdmux[0][8][10]$a$2063 [3] $memory\mem$rdmux[0][8][10]$a$2063 [3:2] $memory\mem$rdmux[0][8][10]$a$2063 [2] $memory\mem$rdmux[0][8][10]$a$2063 [3:2] }, B={ 2'00 $memory\mem$rdmux[0][8][10]$b$2064 [2] $memory\mem$rdmux[0][8][10]$b$2064 [3] 1'0 $memory\mem$rdmux[0][8][10]$b$2064 [3:2] }, Y={ $memory\mem$rdmux[0][7][5]$a$1664 [20:18] $memory\mem$rdmux[0][7][5]$a$1664 [7] $memory\mem$rdmux[0][7][5]$a$1664 [5] $memory\mem$rdmux[0][7][5]$a$1664 [3:2] }
      New connections: { $memory\mem$rdmux[0][7][5]$a$1664 [29:21] $memory\mem$rdmux[0][7][5]$a$1664 [17:8] $memory\mem$rdmux[0][7][5]$a$1664 [6] $memory\mem$rdmux[0][7][5]$a$1664 [4] $memory\mem$rdmux[0][7][5]$a$1664 [1:0] } = { 8'00000000 $memory\mem$rdmux[0][7][5]$a$1664 [3] 3'000 $memory\mem$rdmux[0][7][5]$a$1664 [3] 2'00 $memory\mem$rdmux[0][7][5]$a$1664 [3] 1'0 $memory\mem$rdmux[0][7][5]$a$1664 [3] 1'1 $memory\mem$rdmux[0][7][5]$a$1664 [5] 3'000 }
  Optimizing cells in module \instruction_memory.
    Consolidated identical input bits for $mux cell $memory\mem$rdmux[0][7][6]$1666:
      Old ports: A=$memory\mem$rdmux[0][7][6]$a$1667, B=30'x, Y=$memory\mem$rdmux[0][6][3]$a$1466
      New ports: A={ $memory\mem$rdmux[0][7][6]$a$1667 [14] $memory\mem$rdmux[0][7][6]$a$1667 [11] $memory\mem$rdmux[0][7][6]$a$1667 [8] $memory\mem$rdmux[0][7][6]$a$1667 [5] $memory\mem$rdmux[0][7][6]$a$1667 [2] 1'0 $memory\mem$rdmux[0][7][6]$a$1667 [0] }, B=7'x, Y={ $memory\mem$rdmux[0][6][3]$a$1466 [14] $memory\mem$rdmux[0][6][3]$a$1466 [11] $memory\mem$rdmux[0][6][3]$a$1466 [8] $memory\mem$rdmux[0][6][3]$a$1466 [5] $memory\mem$rdmux[0][6][3]$a$1466 [2:0] }
      New connections: { $memory\mem$rdmux[0][6][3]$a$1466 [29:15] $memory\mem$rdmux[0][6][3]$a$1466 [13:12] $memory\mem$rdmux[0][6][3]$a$1466 [10:9] $memory\mem$rdmux[0][6][3]$a$1466 [7:6] $memory\mem$rdmux[0][6][3]$a$1466 [4:3] } = { $memory\mem$rdmux[0][6][3]$a$1466 [1] $memory\mem$rdmux[0][6][3]$a$1466 [1] $memory\mem$rdmux[0][6][3]$a$1466 [1] $memory\mem$rdmux[0][6][3]$a$1466 [1] $memory\mem$rdmux[0][6][3]$a$1466 [1] $memory\mem$rdmux[0][6][3]$a$1466 [1] $memory\mem$rdmux[0][6][3]$a$1466 [14] $memory\mem$rdmux[0][6][3]$a$1466 [2] $memory\mem$rdmux[0][6][3]$a$1466 [11] $memory\mem$rdmux[0][6][3]$a$1466 [5] $memory\mem$rdmux[0][6][3]$a$1466 [1] $memory\mem$rdmux[0][6][3]$a$1466 [1] $memory\mem$rdmux[0][6][3]$a$1466 [1] $memory\mem$rdmux[0][6][3]$a$1466 [1] $memory\mem$rdmux[0][6][3]$a$1466 [1:0] $memory\mem$rdmux[0][6][3]$a$1466 [1] $memory\mem$rdmux[0][6][3]$a$1466 [1] $memory\mem$rdmux[0][6][3]$a$1466 [1] $memory\mem$rdmux[0][6][3]$a$1466 [1] $memory\mem$rdmux[0][6][3]$a$1466 [2] $memory\mem$rdmux[0][6][3]$a$1466 [0] $memory\mem$rdmux[0][6][3]$a$1466 [0] }
    Consolidated identical input bits for $mux cell $memory\mem$rdmux[0][7][0]$1648:
      Old ports: A=$memory\mem$rdmux[0][7][0]$a$1649, B=$memory\mem$rdmux[0][7][0]$b$1650, Y=$memory\mem$rdmux[0][6][0]$a$1457
      New ports: A={ $memory\mem$rdmux[0][7][0]$a$1649 [21] $memory\mem$rdmux[0][7][0]$a$1649 [21] 3'000 $memory\mem$rdmux[0][7][0]$a$1649 [7] $memory\mem$rdmux[0][7][0]$a$1649 [7:5] $memory\mem$rdmux[0][7][0]$a$1649 [1:0] $memory\mem$rdmux[0][7][0]$a$1649 [2:0] }, B={ 1'0 $memory\mem$rdmux[0][7][0]$b$1650 [19] $memory\mem$rdmux[0][7][0]$b$1650 [19:18] $memory\mem$rdmux[0][7][0]$b$1650 [13] $memory\mem$rdmux[0][7][0]$b$1650 [11] $memory\mem$rdmux[0][7][0]$b$1650 [6] $memory\mem$rdmux[0][7][0]$b$1650 [6] 1'0 $memory\mem$rdmux[0][7][0]$b$1650 [0] $memory\mem$rdmux[0][7][0]$b$1650 [3] 2'00 $memory\mem$rdmux[0][7][0]$b$1650 [0] }, Y={ $memory\mem$rdmux[0][6][0]$a$1457 [22:21] $memory\mem$rdmux[0][6][0]$a$1457 [19:18] $memory\mem$rdmux[0][6][0]$a$1457 [13] $memory\mem$rdmux[0][6][0]$a$1457 [11] $memory\mem$rdmux[0][6][0]$a$1457 [7:0] }
      New connections: { $memory\mem$rdmux[0][6][0]$a$1457 [29:23] $memory\mem$rdmux[0][6][0]$a$1457 [20] $memory\mem$rdmux[0][6][0]$a$1457 [17:14] $memory\mem$rdmux[0][6][0]$a$1457 [12] $memory\mem$rdmux[0][6][0]$a$1457 [10:8] } = { 5'00000 $memory\mem$rdmux[0][6][0]$a$1457 [22] $memory\mem$rdmux[0][6][0]$a$1457 [22] $memory\mem$rdmux[0][6][0]$a$1457 [19] 1'0 $memory\mem$rdmux[0][6][0]$a$1457 [11] 1'0 $memory\mem$rdmux[0][6][0]$a$1457 [11] 1'0 $memory\mem$rdmux[0][6][0]$a$1457 [2] 1'0 $memory\mem$rdmux[0][6][0]$a$1457 [7] }
    Consolidated identical input bits for $mux cell $memory\mem$rdmux[0][7][1]$1651:
      Old ports: A=$memory\mem$rdmux[0][7][1]$a$1652, B=$memory\mem$rdmux[0][7][1]$b$1653, Y=$memory\mem$rdmux[0][6][0]$b$1458
      New ports: A={ $memory\mem$rdmux[0][7][1]$a$1652 [5] $memory\mem$rdmux[0][7][1]$a$1652 [18] $memory\mem$rdmux[0][7][1]$a$1652 [5] $memory\mem$rdmux[0][7][1]$a$1652 [18] $memory\mem$rdmux[0][7][1]$a$1652 [5] $memory\mem$rdmux[0][7][1]$a$1652 [5] $memory\mem$rdmux[0][7][1]$a$1652 [18:17] $memory\mem$rdmux[0][7][1]$a$1652 [14:13] $memory\mem$rdmux[0][7][1]$a$1652 [3] $memory\mem$rdmux[0][7][1]$a$1652 [3] $memory\mem$rdmux[0][7][1]$a$1652 [9:7] 1'0 $memory\mem$rdmux[0][7][1]$a$1652 [5] $memory\mem$rdmux[0][7][1]$a$1652 [3] $memory\mem$rdmux[0][7][1]$a$1652 [3:2] 1'0 }, B={ 2'00 $memory\mem$rdmux[0][7][1]$b$1653 [0] $memory\mem$rdmux[0][7][1]$b$1653 [0] $memory\mem$rdmux[0][7][1]$b$1653 [14] $memory\mem$rdmux[0][7][1]$b$1653 [19] $memory\mem$rdmux[0][7][1]$b$1653 [14] $memory\mem$rdmux[0][7][1]$b$1653 [7] $memory\mem$rdmux[0][7][1]$b$1653 [14] $memory\mem$rdmux[0][7][1]$b$1653 [7] 1'0 $memory\mem$rdmux[0][7][1]$b$1653 [7] 1'0 $memory\mem$rdmux[0][7][1]$b$1653 [2] $memory\mem$rdmux[0][7][1]$b$1653 [7] $memory\mem$rdmux[0][7][1]$b$1653 [2] $memory\mem$rdmux[0][7][1]$b$1653 [5] $memory\mem$rdmux[0][7][1]$b$1653 [0] $memory\mem$rdmux[0][7][1]$b$1653 [3:2] $memory\mem$rdmux[0][7][1]$b$1653 [0] }, Y={ $memory\mem$rdmux[0][6][0]$b$1458 [25:22] $memory\mem$rdmux[0][6][0]$b$1458 [20:17] $memory\mem$rdmux[0][6][0]$b$1458 [14:12] $memory\mem$rdmux[0][6][0]$b$1458 [10:2] $memory\mem$rdmux[0][6][0]$b$1458 [0] }
      New connections: { $memory\mem$rdmux[0][6][0]$b$1458 [29:26] $memory\mem$rdmux[0][6][0]$b$1458 [21] $memory\mem$rdmux[0][6][0]$b$1458 [16:15] $memory\mem$rdmux[0][6][0]$b$1458 [11] $memory\mem$rdmux[0][6][0]$b$1458 [1] } = { $memory\mem$rdmux[0][6][0]$b$1458 [25] $memory\mem$rdmux[0][6][0]$b$1458 [25] $memory\mem$rdmux[0][6][0]$b$1458 [25] $memory\mem$rdmux[0][6][0]$b$1458 [25] $memory\mem$rdmux[0][6][0]$b$1458 [20] $memory\mem$rdmux[0][6][0]$b$1458 [14] 2'00 $memory\mem$rdmux[0][6][0]$b$1458 [0] }
    Consolidated identical input bits for $mux cell $memory\mem$rdmux[0][7][4]$1660:
      Old ports: A=$memory\mem$rdmux[0][7][4]$a$1661, B=$memory\mem$rdmux[0][7][4]$b$1662, Y=$memory\mem$rdmux[0][6][2]$a$1463
      New ports: A={ $memory\mem$rdmux[0][7][4]$a$1661 [23] $memory\mem$rdmux[0][7][4]$a$1661 [21:18] 2'01 $memory\mem$rdmux[0][7][4]$a$1661 [7] $memory\mem$rdmux[0][7][4]$a$1661 [3:2] }, B={ 1'0 $memory\mem$rdmux[0][7][4]$b$1662 [3] $memory\mem$rdmux[0][7][4]$b$1662 [18] 1'1 $memory\mem$rdmux[0][7][4]$b$1662 [18] $memory\mem$rdmux[0][7][4]$b$1662 [3:2] $memory\mem$rdmux[0][7][4]$b$1662 [7] $memory\mem$rdmux[0][7][4]$b$1662 [3:2] }, Y={ $memory\mem$rdmux[0][6][2]$a$1463 [23] $memory\mem$rdmux[0][6][2]$a$1463 [21:18] $memory\mem$rdmux[0][6][2]$a$1463 [9:7] $memory\mem$rdmux[0][6][2]$a$1463 [3:2] }
      New connections: { $memory\mem$rdmux[0][6][2]$a$1463 [29:24] $memory\mem$rdmux[0][6][2]$a$1463 [22] $memory\mem$rdmux[0][6][2]$a$1463 [17:10] $memory\mem$rdmux[0][6][2]$a$1463 [6:4] $memory\mem$rdmux[0][6][2]$a$1463 [1:0] } = { 10'0000000000 $memory\mem$rdmux[0][6][2]$a$1463 [3] 2'00 $memory\mem$rdmux[0][6][2]$a$1463 [3] 1'0 $memory\mem$rdmux[0][6][2]$a$1463 [2] $memory\mem$rdmux[0][6][2]$a$1463 [2] 3'000 }
    Consolidated identical input bits for $mux cell $memory\mem$rdmux[0][7][3]$1657:
      Old ports: A=$memory\mem$rdmux[0][7][3]$a$1658, B=$memory\mem$rdmux[0][7][3]$b$1659, Y=$memory\mem$rdmux[0][6][1]$b$1461
      New ports: A={ 1'0 $memory\mem$rdmux[0][7][3]$a$1658 [3] $memory\mem$rdmux[0][7][3]$a$1658 [18] 1'1 $memory\mem$rdmux[0][7][3]$a$1658 [15:13] 1'0 $memory\mem$rdmux[0][7][3]$a$1658 [3:2] $memory\mem$rdmux[0][7][3]$a$1658 [7] $memory\mem$rdmux[0][7][3]$a$1658 [5] $memory\mem$rdmux[0][7][3]$a$1658 [5] $memory\mem$rdmux[0][7][3]$a$1658 [3:2] 2'00 }, B={ $memory\mem$rdmux[0][7][3]$b$1659 [14] $memory\mem$rdmux[0][7][3]$b$1659 [22] $memory\mem$rdmux[0][7][3]$b$1659 [12] $memory\mem$rdmux[0][7][3]$b$1659 [12] $memory\mem$rdmux[0][7][3]$b$1659 [1] $memory\mem$rdmux[0][7][3]$b$1659 [14] $memory\mem$rdmux[0][7][3]$b$1659 [3] $memory\mem$rdmux[0][7][3]$b$1659 [12] 3'000 $memory\mem$rdmux[0][7][3]$b$1659 [2] $memory\mem$rdmux[0][7][3]$b$1659 [5] $memory\mem$rdmux[0][7][3]$b$1659 [3:0] }, Y={ $memory\mem$rdmux[0][6][1]$b$1461 [24] $memory\mem$rdmux[0][6][1]$b$1461 [22] $memory\mem$rdmux[0][6][1]$b$1461 [18] $memory\mem$rdmux[0][6][1]$b$1461 [16:12] $memory\mem$rdmux[0][6][1]$b$1461 [9:5] $memory\mem$rdmux[0][6][1]$b$1461 [3:0] }
      New connections: { $memory\mem$rdmux[0][6][1]$b$1461 [29:25] $memory\mem$rdmux[0][6][1]$b$1461 [23] $memory\mem$rdmux[0][6][1]$b$1461 [21:19] $memory\mem$rdmux[0][6][1]$b$1461 [17] $memory\mem$rdmux[0][6][1]$b$1461 [11:10] $memory\mem$rdmux[0][6][1]$b$1461 [4] } = { $memory\mem$rdmux[0][6][1]$b$1461 [24] $memory\mem$rdmux[0][6][1]$b$1461 [24] $memory\mem$rdmux[0][6][1]$b$1461 [24] $memory\mem$rdmux[0][6][1]$b$1461 [24] $memory\mem$rdmux[0][6][1]$b$1461 [24] $memory\mem$rdmux[0][6][1]$b$1461 [12] $memory\mem$rdmux[0][6][1]$b$1461 [1] $memory\mem$rdmux[0][6][1]$b$1461 [15] 1'0 $memory\mem$rdmux[0][6][1]$b$1461 [1] $memory\mem$rdmux[0][6][1]$b$1461 [1] $memory\mem$rdmux[0][6][1]$b$1461 [1] $memory\mem$rdmux[0][6][1]$b$1461 [3] }
    Consolidated identical input bits for $mux cell $memory\mem$rdmux[0][7][2]$1654:
      Old ports: A=$memory\mem$rdmux[0][7][2]$a$1655, B=$memory\mem$rdmux[0][7][2]$b$1656, Y=$memory\mem$rdmux[0][6][1]$a$1460
      New ports: A={ $memory\mem$rdmux[0][7][2]$a$1655 [8] $memory\mem$rdmux[0][7][2]$a$1655 [2] 2'11 $memory\mem$rdmux[0][7][2]$a$1655 [19:18] 1'1 $memory\mem$rdmux[0][7][2]$a$1655 [11] 1'0 $memory\mem$rdmux[0][7][2]$a$1655 [9:7] $memory\mem$rdmux[0][7][2]$a$1655 [2] $memory\mem$rdmux[0][7][2]$a$1655 [2] $memory\mem$rdmux[0][7][2]$a$1655 [4:2] 1'0 }, B={ $memory\mem$rdmux[0][7][2]$b$1656 [20] $memory\mem$rdmux[0][7][2]$b$1656 [22] $memory\mem$rdmux[0][7][2]$b$1656 [5] $memory\mem$rdmux[0][7][2]$b$1656 [20] 1'0 $memory\mem$rdmux[0][7][2]$b$1656 [3] $memory\mem$rdmux[0][7][2]$b$1656 [11] $memory\mem$rdmux[0][7][2]$b$1656 [11] $memory\mem$rdmux[0][7][2]$b$1656 [3] $memory\mem$rdmux[0][7][2]$b$1656 [9] $memory\mem$rdmux[0][7][2]$b$1656 [7] $memory\mem$rdmux[0][7][2]$b$1656 [7:5] $memory\mem$rdmux[0][7][2]$b$1656 [3] $memory\mem$rdmux[0][7][2]$b$1656 [3] 1'0 $memory\mem$rdmux[0][7][2]$b$1656 [0] }, Y={ $memory\mem$rdmux[0][6][1]$a$1460 [23:18] $memory\mem$rdmux[0][6][1]$a$1460 [13] $memory\mem$rdmux[0][6][1]$a$1460 [11:2] $memory\mem$rdmux[0][6][1]$a$1460 [0] }
      New connections: { $memory\mem$rdmux[0][6][1]$a$1460 [29:24] $memory\mem$rdmux[0][6][1]$a$1460 [17:14] $memory\mem$rdmux[0][6][1]$a$1460 [12] $memory\mem$rdmux[0][6][1]$a$1460 [1] } = { $memory\mem$rdmux[0][6][1]$a$1460 [23] $memory\mem$rdmux[0][6][1]$a$1460 [23] $memory\mem$rdmux[0][6][1]$a$1460 [23] $memory\mem$rdmux[0][6][1]$a$1460 [23] $memory\mem$rdmux[0][6][1]$a$1460 [23] $memory\mem$rdmux[0][6][1]$a$1460 [23] $memory\mem$rdmux[0][6][1]$a$1460 [0] 3'111 $memory\mem$rdmux[0][6][1]$a$1460 [10] $memory\mem$rdmux[0][6][1]$a$1460 [0] }
    Consolidated identical input bits for $mux cell $memory\mem$rdmux[0][7][5]$1663:
      Old ports: A=$memory\mem$rdmux[0][7][5]$a$1664, B=$memory\mem$rdmux[0][7][5]$b$1665, Y=$memory\mem$rdmux[0][6][2]$b$1464
      New ports: A={ $memory\mem$rdmux[0][7][5]$a$1664 [20:18] 1'0 $memory\mem$rdmux[0][7][5]$a$1664 [3] $memory\mem$rdmux[0][7][5]$a$1664 [3] 1'1 $memory\mem$rdmux[0][7][5]$a$1664 [7] $memory\mem$rdmux[0][7][5]$a$1664 [5] $memory\mem$rdmux[0][7][5]$a$1664 [5] $memory\mem$rdmux[0][7][5]$a$1664 [3:2] 1'0 }, B={ $memory\mem$rdmux[0][7][5]$b$1665 [20] 1'0 $memory\mem$rdmux[0][7][5]$b$1665 [5] $memory\mem$rdmux[0][7][5]$b$1665 [16] $memory\mem$rdmux[0][7][5]$b$1665 [14] 1'0 $memory\mem$rdmux[0][7][5]$b$1665 [2] 1'0 $memory\mem$rdmux[0][7][5]$b$1665 [2] $memory\mem$rdmux[0][7][5]$b$1665 [5] $memory\mem$rdmux[0][7][5]$b$1665 [0] $memory\mem$rdmux[0][7][5]$b$1665 [2] $memory\mem$rdmux[0][7][5]$b$1665 [0] }, Y={ $memory\mem$rdmux[0][6][2]$b$1464 [20:18] $memory\mem$rdmux[0][6][2]$b$1464 [16] $memory\mem$rdmux[0][6][2]$b$1464 [14] $memory\mem$rdmux[0][6][2]$b$1464 [9:5] $memory\mem$rdmux[0][6][2]$b$1464 [3:2] $memory\mem$rdmux[0][6][2]$b$1464 [0] }
      New connections: { $memory\mem$rdmux[0][6][2]$b$1464 [29:21] $memory\mem$rdmux[0][6][2]$b$1464 [17] $memory\mem$rdmux[0][6][2]$b$1464 [15] $memory\mem$rdmux[0][6][2]$b$1464 [13:10] $memory\mem$rdmux[0][6][2]$b$1464 [4] $memory\mem$rdmux[0][6][2]$b$1464 [1] } = { $memory\mem$rdmux[0][6][2]$b$1464 [0] $memory\mem$rdmux[0][6][2]$b$1464 [0] $memory\mem$rdmux[0][6][2]$b$1464 [0] $memory\mem$rdmux[0][6][2]$b$1464 [0] 1'0 $memory\mem$rdmux[0][6][2]$b$1464 [0] $memory\mem$rdmux[0][6][2]$b$1464 [0] 1'0 $memory\mem$rdmux[0][6][2]$b$1464 [14] $memory\mem$rdmux[0][6][2]$b$1464 [0] $memory\mem$rdmux[0][6][2]$b$1464 [0] $memory\mem$rdmux[0][6][2]$b$1464 [0] $memory\mem$rdmux[0][6][2]$b$1464 [0] $memory\mem$rdmux[0][6][2]$b$1464 [3] $memory\mem$rdmux[0][6][2]$b$1464 [0] $memory\mem$rdmux[0][6][2]$b$1464 [0] $memory\mem$rdmux[0][6][2]$b$1464 [0] }
  Optimizing cells in module \instruction_memory.
    Consolidated identical input bits for $mux cell $memory\mem$rdmux[0][6][2]$1462:
      Old ports: A=$memory\mem$rdmux[0][6][2]$a$1463, B=$memory\mem$rdmux[0][6][2]$b$1464, Y=$memory\mem$rdmux[0][5][1]$a$1364
      New ports: A={ $memory\mem$rdmux[0][6][2]$a$1463 [23] $memory\mem$rdmux[0][6][2]$a$1463 [21:18] 1'0 $memory\mem$rdmux[0][6][2]$a$1463 [3] $memory\mem$rdmux[0][6][2]$a$1463 [9:7] $memory\mem$rdmux[0][6][2]$a$1463 [2] $memory\mem$rdmux[0][6][2]$a$1463 [2] $memory\mem$rdmux[0][6][2]$a$1463 [3:2] 1'0 }, B={ $memory\mem$rdmux[0][6][2]$b$1464 [0] $memory\mem$rdmux[0][6][2]$b$1464 [14] $memory\mem$rdmux[0][6][2]$b$1464 [20:18] $memory\mem$rdmux[0][6][2]$b$1464 [16] $memory\mem$rdmux[0][6][2]$b$1464 [14] $memory\mem$rdmux[0][6][2]$b$1464 [9:5] $memory\mem$rdmux[0][6][2]$b$1464 [3:2] $memory\mem$rdmux[0][6][2]$b$1464 [0] }, Y={ $memory\mem$rdmux[0][5][1]$a$1364 [23] $memory\mem$rdmux[0][5][1]$a$1364 [21:18] $memory\mem$rdmux[0][5][1]$a$1364 [16] $memory\mem$rdmux[0][5][1]$a$1364 [14] $memory\mem$rdmux[0][5][1]$a$1364 [9:5] $memory\mem$rdmux[0][5][1]$a$1364 [3:2] $memory\mem$rdmux[0][5][1]$a$1364 [0] }
      New connections: { $memory\mem$rdmux[0][5][1]$a$1364 [29:24] $memory\mem$rdmux[0][5][1]$a$1364 [22] $memory\mem$rdmux[0][5][1]$a$1364 [17] $memory\mem$rdmux[0][5][1]$a$1364 [15] $memory\mem$rdmux[0][5][1]$a$1364 [13:10] $memory\mem$rdmux[0][5][1]$a$1364 [4] $memory\mem$rdmux[0][5][1]$a$1364 [1] } = { $memory\mem$rdmux[0][5][1]$a$1364 [0] $memory\mem$rdmux[0][5][1]$a$1364 [0] $memory\mem$rdmux[0][5][1]$a$1364 [0] $memory\mem$rdmux[0][5][1]$a$1364 [0] 1'0 $memory\mem$rdmux[0][5][1]$a$1364 [0] 1'0 $memory\mem$rdmux[0][5][1]$a$1364 [0] $memory\mem$rdmux[0][5][1]$a$1364 [0] $memory\mem$rdmux[0][5][1]$a$1364 [0] $memory\mem$rdmux[0][5][1]$a$1364 [0] $memory\mem$rdmux[0][5][1]$a$1364 [3] $memory\mem$rdmux[0][5][1]$a$1364 [0] $memory\mem$rdmux[0][5][1]$a$1364 [0] $memory\mem$rdmux[0][5][1]$a$1364 [0] }
    Consolidated identical input bits for $mux cell $memory\mem$rdmux[0][6][1]$1459:
      Old ports: A=$memory\mem$rdmux[0][6][1]$a$1460, B=$memory\mem$rdmux[0][6][1]$b$1461, Y=$memory\mem$rdmux[0][5][0]$b$1362
      New ports: A={ $memory\mem$rdmux[0][6][1]$a$1460 [23] $memory\mem$rdmux[0][6][1]$a$1460 [23:18] 3'111 $memory\mem$rdmux[0][6][1]$a$1460 [13] $memory\mem$rdmux[0][6][1]$a$1460 [10] $memory\mem$rdmux[0][6][1]$a$1460 [11:2] $memory\mem$rdmux[0][6][1]$a$1460 [0] $memory\mem$rdmux[0][6][1]$a$1460 [0] }, B={ $memory\mem$rdmux[0][6][1]$b$1461 [24] $memory\mem$rdmux[0][6][1]$b$1461 [12] $memory\mem$rdmux[0][6][1]$b$1461 [22] $memory\mem$rdmux[0][6][1]$b$1461 [1] $memory\mem$rdmux[0][6][1]$b$1461 [15] 1'0 $memory\mem$rdmux[0][6][1]$b$1461 [18] $memory\mem$rdmux[0][6][1]$b$1461 [16:12] $memory\mem$rdmux[0][6][1]$b$1461 [1] $memory\mem$rdmux[0][6][1]$b$1461 [1] $memory\mem$rdmux[0][6][1]$b$1461 [9:5] $memory\mem$rdmux[0][6][1]$b$1461 [3] $memory\mem$rdmux[0][6][1]$b$1461 [3:0] }, Y={ $memory\mem$rdmux[0][5][0]$b$1362 [24:18] $memory\mem$rdmux[0][5][0]$b$1362 [16:0] }
      New connections: { $memory\mem$rdmux[0][5][0]$b$1362 [29:25] $memory\mem$rdmux[0][5][0]$b$1362 [17] } = { $memory\mem$rdmux[0][5][0]$b$1362 [24] $memory\mem$rdmux[0][5][0]$b$1362 [24] $memory\mem$rdmux[0][5][0]$b$1362 [24] $memory\mem$rdmux[0][5][0]$b$1362 [24] $memory\mem$rdmux[0][5][0]$b$1362 [24] $memory\mem$rdmux[0][5][0]$b$1362 [1] }
    Consolidated identical input bits for $mux cell $memory\mem$rdmux[0][6][3]$1465:
      Old ports: A=$memory\mem$rdmux[0][6][3]$a$1466, B=30'x, Y=$memory\mem$rdmux[0][5][1]$b$1365
      New ports: A={ $memory\mem$rdmux[0][6][3]$a$1466 [14] $memory\mem$rdmux[0][6][3]$a$1466 [11] $memory\mem$rdmux[0][6][3]$a$1466 [8] $memory\mem$rdmux[0][6][3]$a$1466 [5] $memory\mem$rdmux[0][6][3]$a$1466 [2:0] }, B=7'x, Y={ $memory\mem$rdmux[0][5][1]$b$1365 [14] $memory\mem$rdmux[0][5][1]$b$1365 [11] $memory\mem$rdmux[0][5][1]$b$1365 [8] $memory\mem$rdmux[0][5][1]$b$1365 [5] $memory\mem$rdmux[0][5][1]$b$1365 [2:0] }
      New connections: { $memory\mem$rdmux[0][5][1]$b$1365 [29:15] $memory\mem$rdmux[0][5][1]$b$1365 [13:12] $memory\mem$rdmux[0][5][1]$b$1365 [10:9] $memory\mem$rdmux[0][5][1]$b$1365 [7:6] $memory\mem$rdmux[0][5][1]$b$1365 [4:3] } = { $memory\mem$rdmux[0][5][1]$b$1365 [1] $memory\mem$rdmux[0][5][1]$b$1365 [1] $memory\mem$rdmux[0][5][1]$b$1365 [1] $memory\mem$rdmux[0][5][1]$b$1365 [1] $memory\mem$rdmux[0][5][1]$b$1365 [1] $memory\mem$rdmux[0][5][1]$b$1365 [1] $memory\mem$rdmux[0][5][1]$b$1365 [14] $memory\mem$rdmux[0][5][1]$b$1365 [2] $memory\mem$rdmux[0][5][1]$b$1365 [11] $memory\mem$rdmux[0][5][1]$b$1365 [5] $memory\mem$rdmux[0][5][1]$b$1365 [1] $memory\mem$rdmux[0][5][1]$b$1365 [1] $memory\mem$rdmux[0][5][1]$b$1365 [1] $memory\mem$rdmux[0][5][1]$b$1365 [1] $memory\mem$rdmux[0][5][1]$b$1365 [1:0] $memory\mem$rdmux[0][5][1]$b$1365 [1] $memory\mem$rdmux[0][5][1]$b$1365 [1] $memory\mem$rdmux[0][5][1]$b$1365 [1] $memory\mem$rdmux[0][5][1]$b$1365 [1] $memory\mem$rdmux[0][5][1]$b$1365 [2] $memory\mem$rdmux[0][5][1]$b$1365 [0] $memory\mem$rdmux[0][5][1]$b$1365 [0] }
    Consolidated identical input bits for $mux cell $memory\mem$rdmux[0][6][0]$1456:
      Old ports: A=$memory\mem$rdmux[0][6][0]$a$1457, B=$memory\mem$rdmux[0][6][0]$b$1458, Y=$memory\mem$rdmux[0][5][0]$a$1361
      New ports: A={ 1'0 $memory\mem$rdmux[0][6][0]$a$1457 [22] $memory\mem$rdmux[0][6][0]$a$1457 [22] $memory\mem$rdmux[0][6][0]$a$1457 [22:21] $memory\mem$rdmux[0][6][0]$a$1457 [19] $memory\mem$rdmux[0][6][0]$a$1457 [19:18] 1'0 $memory\mem$rdmux[0][6][0]$a$1457 [11] $memory\mem$rdmux[0][6][0]$a$1457 [13] 1'0 $memory\mem$rdmux[0][6][0]$a$1457 [11] $memory\mem$rdmux[0][6][0]$a$1457 [2] 1'0 $memory\mem$rdmux[0][6][0]$a$1457 [7] $memory\mem$rdmux[0][6][0]$a$1457 [7:0] }, B={ $memory\mem$rdmux[0][6][0]$b$1458 [25:22] $memory\mem$rdmux[0][6][0]$b$1458 [20] $memory\mem$rdmux[0][6][0]$b$1458 [20:17] $memory\mem$rdmux[0][6][0]$b$1458 [14:12] 1'0 $memory\mem$rdmux[0][6][0]$b$1458 [10:2] $memory\mem$rdmux[0][6][0]$b$1458 [0] $memory\mem$rdmux[0][6][0]$b$1458 [0] }, Y={ $memory\mem$rdmux[0][5][0]$a$1361 [25:17] $memory\mem$rdmux[0][5][0]$a$1361 [14:0] }
      New connections: { $memory\mem$rdmux[0][5][0]$a$1361 [29:26] $memory\mem$rdmux[0][5][0]$a$1361 [16:15] } = { $memory\mem$rdmux[0][5][0]$a$1361 [25] $memory\mem$rdmux[0][5][0]$a$1361 [25] $memory\mem$rdmux[0][5][0]$a$1361 [25] $memory\mem$rdmux[0][5][0]$a$1361 [25] $memory\mem$rdmux[0][5][0]$a$1361 [14] 1'0 }
  Optimizing cells in module \instruction_memory.
    Consolidated identical input bits for $mux cell $memory\mem$rdmux[0][5][1]$1363:
      Old ports: A=$memory\mem$rdmux[0][5][1]$a$1364, B=$memory\mem$rdmux[0][5][1]$b$1365, Y=$memory\mem$rdmux[0][4][0]$b$1314
      New ports: A={ 1'0 $memory\mem$rdmux[0][5][1]$a$1364 [23] 1'0 $memory\mem$rdmux[0][5][1]$a$1364 [21:18] $memory\mem$rdmux[0][5][1]$a$1364 [16] $memory\mem$rdmux[0][5][1]$a$1364 [14] $memory\mem$rdmux[0][5][1]$a$1364 [3] $memory\mem$rdmux[0][5][1]$a$1364 [9:5] $memory\mem$rdmux[0][5][1]$a$1364 [3:2] $memory\mem$rdmux[0][5][1]$a$1364 [0] $memory\mem$rdmux[0][5][1]$a$1364 [0] }, B={ $memory\mem$rdmux[0][5][1]$b$1365 [1] $memory\mem$rdmux[0][5][1]$b$1365 [14] $memory\mem$rdmux[0][5][1]$b$1365 [2] $memory\mem$rdmux[0][5][1]$b$1365 [11] $memory\mem$rdmux[0][5][1]$b$1365 [5] $memory\mem$rdmux[0][5][1]$b$1365 [1] $memory\mem$rdmux[0][5][1]$b$1365 [1] $memory\mem$rdmux[0][5][1]$b$1365 [1] $memory\mem$rdmux[0][5][1]$b$1365 [14] $memory\mem$rdmux[0][5][1]$b$1365 [11] $memory\mem$rdmux[0][5][1]$b$1365 [1] $memory\mem$rdmux[0][5][1]$b$1365 [8] $memory\mem$rdmux[0][5][1]$b$1365 [1] $memory\mem$rdmux[0][5][1]$b$1365 [2] $memory\mem$rdmux[0][5][1]$b$1365 [5] $memory\mem$rdmux[0][5][1]$b$1365 [0] $memory\mem$rdmux[0][5][1]$b$1365 [2:0] }, Y={ $memory\mem$rdmux[0][4][0]$b$1314 [25] $memory\mem$rdmux[0][4][0]$b$1314 [23:18] $memory\mem$rdmux[0][4][0]$b$1314 [16] $memory\mem$rdmux[0][4][0]$b$1314 [14] $memory\mem$rdmux[0][4][0]$b$1314 [11] $memory\mem$rdmux[0][4][0]$b$1314 [9:5] $memory\mem$rdmux[0][4][0]$b$1314 [3:0] }
      New connections: { $memory\mem$rdmux[0][4][0]$b$1314 [29:26] $memory\mem$rdmux[0][4][0]$b$1314 [24] $memory\mem$rdmux[0][4][0]$b$1314 [17] $memory\mem$rdmux[0][4][0]$b$1314 [15] $memory\mem$rdmux[0][4][0]$b$1314 [13:12] $memory\mem$rdmux[0][4][0]$b$1314 [10] $memory\mem$rdmux[0][4][0]$b$1314 [4] } = { $memory\mem$rdmux[0][4][0]$b$1314 [1] $memory\mem$rdmux[0][4][0]$b$1314 [1] $memory\mem$rdmux[0][4][0]$b$1314 [1] $memory\mem$rdmux[0][4][0]$b$1314 [1] $memory\mem$rdmux[0][4][0]$b$1314 [1] $memory\mem$rdmux[0][4][0]$b$1314 [1] $memory\mem$rdmux[0][4][0]$b$1314 [1:0] $memory\mem$rdmux[0][4][0]$b$1314 [1] $memory\mem$rdmux[0][4][0]$b$1314 [1:0] }
    Consolidated identical input bits for $mux cell $memory\mem$rdmux[0][5][0]$1360:
      Old ports: A=$memory\mem$rdmux[0][5][0]$a$1361, B=$memory\mem$rdmux[0][5][0]$b$1362, Y=$memory\mem$rdmux[0][4][0]$a$1313
      New ports: A={ $memory\mem$rdmux[0][5][0]$a$1361 [25:17] $memory\mem$rdmux[0][5][0]$a$1361 [14] 1'0 $memory\mem$rdmux[0][5][0]$a$1361 [14:0] }, B={ $memory\mem$rdmux[0][5][0]$b$1362 [24] $memory\mem$rdmux[0][5][0]$b$1362 [24:18] $memory\mem$rdmux[0][5][0]$b$1362 [1] $memory\mem$rdmux[0][5][0]$b$1362 [16:0] }, Y=$memory\mem$rdmux[0][4][0]$a$1313 [25:0]
      New connections: $memory\mem$rdmux[0][4][0]$a$1313 [29:26] = { $memory\mem$rdmux[0][4][0]$a$1313 [25] $memory\mem$rdmux[0][4][0]$a$1313 [25] $memory\mem$rdmux[0][4][0]$a$1313 [25] $memory\mem$rdmux[0][4][0]$a$1313 [25] }
  Optimizing cells in module \instruction_memory.
    Consolidated identical input bits for $mux cell $memory\mem$rdmux[0][4][0]$1312:
      Old ports: A=$memory\mem$rdmux[0][4][0]$a$1313, B=$memory\mem$rdmux[0][4][0]$b$1314, Y=$memory\mem$rdmux[0][3][0]$a$1289
      New ports: A={ $memory\mem$rdmux[0][4][0]$a$1313 [25] $memory\mem$rdmux[0][4][0]$a$1313 [25:0] }, B={ $memory\mem$rdmux[0][4][0]$b$1314 [1] $memory\mem$rdmux[0][4][0]$b$1314 [25] $memory\mem$rdmux[0][4][0]$b$1314 [1] $memory\mem$rdmux[0][4][0]$b$1314 [23:18] $memory\mem$rdmux[0][4][0]$b$1314 [1] $memory\mem$rdmux[0][4][0]$b$1314 [16] $memory\mem$rdmux[0][4][0]$b$1314 [1] $memory\mem$rdmux[0][4][0]$b$1314 [14] $memory\mem$rdmux[0][4][0]$b$1314 [0] $memory\mem$rdmux[0][4][0]$b$1314 [1] $memory\mem$rdmux[0][4][0]$b$1314 [11] $memory\mem$rdmux[0][4][0]$b$1314 [1] $memory\mem$rdmux[0][4][0]$b$1314 [9:5] $memory\mem$rdmux[0][4][0]$b$1314 [0] $memory\mem$rdmux[0][4][0]$b$1314 [3:0] }, Y=$memory\mem$rdmux[0][3][0]$a$1289 [26:0]
      New connections: $memory\mem$rdmux[0][3][0]$a$1289 [29:27] = { $memory\mem$rdmux[0][3][0]$a$1289 [26] $memory\mem$rdmux[0][3][0]$a$1289 [26] $memory\mem$rdmux[0][3][0]$a$1289 [26] }
  Optimizing cells in module \instruction_memory.
    Consolidated identical input bits for $mux cell $memory\mem$rdmux[0][3][0]$1288:
      Old ports: A=$memory\mem$rdmux[0][3][0]$a$1289, B=30'x, Y=$memory\mem$rdmux[0][2][0]$a$1277
      New ports: A=$memory\mem$rdmux[0][3][0]$a$1289 [26:0], B=27'x, Y=$memory\mem$rdmux[0][2][0]$a$1277 [26:0]
      New connections: $memory\mem$rdmux[0][2][0]$a$1277 [29:27] = { $memory\mem$rdmux[0][2][0]$a$1277 [26] $memory\mem$rdmux[0][2][0]$a$1277 [26] $memory\mem$rdmux[0][2][0]$a$1277 [26] }
  Optimizing cells in module \instruction_memory.
    Consolidated identical input bits for $mux cell $memory\mem$rdmux[0][2][0]$1276:
      Old ports: A=$memory\mem$rdmux[0][2][0]$a$1277, B=30'x, Y=$memory\mem$rdmux[0][1][0]$a$1271
      New ports: A=$memory\mem$rdmux[0][2][0]$a$1277 [26:0], B=27'x, Y=$memory\mem$rdmux[0][1][0]$a$1271 [26:0]
      New connections: $memory\mem$rdmux[0][1][0]$a$1271 [29:27] = { $memory\mem$rdmux[0][1][0]$a$1271 [26] $memory\mem$rdmux[0][1][0]$a$1271 [26] $memory\mem$rdmux[0][1][0]$a$1271 [26] }
  Optimizing cells in module \instruction_memory.
    Consolidated identical input bits for $mux cell $memory\mem$rdmux[0][1][0]$1270:
      Old ports: A=$memory\mem$rdmux[0][1][0]$a$1271, B=30'x, Y=$memory\mem$rdmux[0][0][0]$a$1268
      New ports: A=$memory\mem$rdmux[0][1][0]$a$1271 [26:0], B=27'x, Y=$memory\mem$rdmux[0][0][0]$a$1268 [26:0]
      New connections: $memory\mem$rdmux[0][0][0]$a$1268 [29:27] = { $memory\mem$rdmux[0][0][0]$a$1268 [26] $memory\mem$rdmux[0][0][0]$a$1268 [26] $memory\mem$rdmux[0][0][0]$a$1268 [26] }
  Optimizing cells in module \instruction_memory.
    Consolidated identical input bits for $mux cell $memory\mem$rdmux[0][0][0]$1267:
      Old ports: A=$memory\mem$rdmux[0][0][0]$a$1268, B=30'x, Y=\instr [31:2]
      New ports: A=$memory\mem$rdmux[0][0][0]$a$1268 [26:0], B=27'x, Y=\instr [28:2]
      New connections: \instr [31:29] = { \instr [28] \instr [28] \instr [28] }
  Optimizing cells in module \instruction_memory.
  Optimizing cells in module \extend_imm.
  Optimizing cells in module \data_path.
  Optimizing cells in module \control_unit.
  Optimizing cells in module \alu_decoder.
  Optimizing cells in module \alu.
Performed a total of 57 changes.

11.19.5. Executing OPT_MERGE pass (detect identical cells).
Finding identical cells in module `\top'.
Computing hashes of 2 cells of `\top'.
Finding duplicate cells in `\top'.
Finding identical cells in module `\register_file'.
Computing hashes of 159 cells of `\register_file'.
Finding duplicate cells in `\register_file'.
Finding identical cells in module `\program_counter'.
Computing hashes of 1 cells of `\program_counter'.
Finding duplicate cells in `\program_counter'.
Finding identical cells in module `\main_decoder'.
Computing hashes of 17 cells of `\main_decoder'.
Finding duplicate cells in `\main_decoder'.
Finding identical cells in module `\instruction_memory'.
Computing hashes of 57 cells of `\instruction_memory'.
Finding duplicate cells in `\instruction_memory'.
Computing hashes of 33 cells of `\instruction_memory'.
Finding duplicate cells in `\instruction_memory'.
<suppressed ~72 debug messages>
Finding identical cells in module `\extend_imm'.
Computing hashes of 6 cells of `\extend_imm'.
Finding duplicate cells in `\extend_imm'.
Finding identical cells in module `\data_path'.
Computing hashes of 17 cells of `\data_path'.
Finding duplicate cells in `\data_path'.
Finding identical cells in module `\control_unit'.
Computing hashes of 14 cells of `\control_unit'.
Finding duplicate cells in `\control_unit'.
Finding identical cells in module `\alu_decoder'.
Computing hashes of 10 cells of `\alu_decoder'.
Finding duplicate cells in `\alu_decoder'.
Finding identical cells in module `\alu'.
Computing hashes of 20 cells of `\alu'.
Finding duplicate cells in `\alu'.
Removed a total of 24 cells.

11.19.6. Executing OPT_SHARE pass.

11.19.7. Executing OPT_DFF pass (perform DFF optimizations).

11.19.8. Executing OPT_CLEAN pass (remove unused cells and wires).
Finding unused cells or wires in module \top..
Finding unused cells or wires in module \register_file..
Finding unused cells or wires in module \program_counter..
Finding unused cells or wires in module \main_decoder..
Finding unused cells or wires in module \instruction_memory..
Finding unused cells or wires in module \extend_imm..
Finding unused cells or wires in module \data_path..
Finding unused cells or wires in module \control_unit..
Finding unused cells or wires in module \alu_decoder..
Finding unused cells or wires in module \alu..
Removed 0 unused cells and 2014 unused wires.
<suppressed ~1 debug messages>

11.19.9. Executing OPT_EXPR pass (perform const folding).
Optimizing module top.
Optimizing module register_file.
Optimizing module program_counter.
Optimizing module main_decoder.
Optimizing module instruction_memory.
<suppressed ~6 debug messages>
Optimizing module extend_imm.
Optimizing module data_path.
Optimizing module control_unit.
Optimizing module alu_decoder.
Optimizing module alu.

11.19.10. Rerunning OPT passes. (Maybe there is more to do..)

11.19.11. Executing OPT_MUXTREE pass (detect dead branches in mux trees).
Running muxtree optimizer on module \top..
  Creating internal representation of mux trees.
  No muxes found in this module.
Running muxtree optimizer on module \register_file..
  Creating internal representation of mux trees.
  Evaluating internal representation of mux trees.
  Analyzing evaluation results.
Running muxtree optimizer on module \program_counter..
  Creating internal representation of mux trees.
  No muxes found in this module.
Running muxtree optimizer on module \main_decoder..
  Creating internal representation of mux trees.
  Evaluating internal representation of mux trees.
  Analyzing evaluation results.
Running muxtree optimizer on module \instruction_memory..
  Creating internal representation of mux trees.
  Evaluating internal representation of mux trees.
  Analyzing evaluation results.
Running muxtree optimizer on module \extend_imm..
  Creating internal representation of mux trees.
  Evaluating internal representation of mux trees.
  Analyzing evaluation results.
Running muxtree optimizer on module \data_path..
  Creating internal representation of mux trees.
  Evaluating internal representation of mux trees.
  Analyzing evaluation results.
Running muxtree optimizer on module \control_unit..
  Creating internal representation of mux trees.
  Evaluating internal representation of mux trees.
  Analyzing evaluation results.
Running muxtree optimizer on module \alu_decoder..
  Creating internal representation of mux trees.
  Evaluating internal representation of mux trees.
  Analyzing evaluation results.
Running muxtree optimizer on module \alu..
  Creating internal representation of mux trees.
  Evaluating internal representation of mux trees.
  Analyzing evaluation results.
Removed 0 multiplexer ports.
<suppressed ~84 debug messages>

11.19.12. Executing OPT_REDUCE pass (consolidate $*mux and $reduce_* inputs).
  Optimizing cells in module \top.
  Optimizing cells in module \register_file.
  Optimizing cells in module \program_counter.
  Optimizing cells in module \main_decoder.
  Optimizing cells in module \instruction_memory.
    Consolidated identical input bits for $mux cell $memory\mem$rdmux[0][8][3]$2041:
      Old ports: A={ 1'1 $memory\mem$rdmux[0][8][0]$a$2033 [1] $memory\mem$rdmux[0][8][0]$a$2033 [2] $memory\mem$rdmux[0][8][0]$a$2033 [2:1] 2'10 }, B={ 3'000 $memory\mem$rdmux[0][8][0]$a$2033 [2:1] $memory\mem$rdmux[0][8][0]$a$2033 [2:1] }, Y={ $memory\mem$rdmux[0][7][1]$b$1653 [19] $memory\mem$rdmux[0][7][1]$b$1653 [14] $memory\mem$rdmux[0][7][1]$b$1653 [7] $memory\mem$rdmux[0][7][1]$b$1653 [5] $memory\mem$rdmux[0][7][1]$b$1653 [3:2] $memory\mem$rdmux[0][7][1]$b$1653 [0] }
      New ports: A={ 1'1 $memory\mem$rdmux[0][8][0]$a$2033 [1] $memory\mem$rdmux[0][8][0]$a$2033 [2] 2'10 }, B={ 3'000 $memory\mem$rdmux[0][8][0]$a$2033 [2:1] }, Y={ $memory\mem$rdmux[0][7][1]$b$1653 [19] $memory\mem$rdmux[0][7][1]$b$1653 [14] $memory\mem$rdmux[0][7][1]$b$1653 [7] $memory\mem$rdmux[0][7][1]$b$1653 [2] $memory\mem$rdmux[0][7][1]$b$1653 [0] }
      New connections: { $memory\mem$rdmux[0][7][1]$b$1653 [5] $memory\mem$rdmux[0][7][1]$b$1653 [3] } = $memory\mem$rdmux[0][8][0]$a$2033 [2:1]
    Consolidated identical input bits for $mux cell $memory\mem$rdmux[0][8][11]$2065:
      Old ports: A={ 2'10 $memory\mem$rdmux[0][8][0]$b$2034 [5] $memory\mem$rdmux[0][8][0]$b$2034 [0] 2'10 }, B={ 2'01 $memory\mem$rdmux[0][8][0]$b$2034 [0] $memory\mem$rdmux[0][8][0]$b$2034 [0] $memory\mem$rdmux[0][8][0]$b$2034 [5] $memory\mem$rdmux[0][8][0]$b$2034 [0] }, Y={ $memory\mem$rdmux[0][7][5]$b$1665 [20] $memory\mem$rdmux[0][7][5]$b$1665 [16] $memory\mem$rdmux[0][7][5]$b$1665 [14] $memory\mem$rdmux[0][7][5]$b$1665 [5] $memory\mem$rdmux[0][7][5]$b$1665 [2] $memory\mem$rdmux[0][7][5]$b$1665 [0] }
      New ports: A={ 2'10 $memory\mem$rdmux[0][8][0]$b$2034 [5] 2'10 }, B={ 2'01 $memory\mem$rdmux[0][8][0]$b$2034 [0] $memory\mem$rdmux[0][8][0]$b$2034 [5] $memory\mem$rdmux[0][8][0]$b$2034 [0] }, Y={ $memory\mem$rdmux[0][7][5]$b$1665 [20] $memory\mem$rdmux[0][7][5]$b$1665 [16] $memory\mem$rdmux[0][7][5]$b$1665 [14] $memory\mem$rdmux[0][7][5]$b$1665 [2] $memory\mem$rdmux[0][7][5]$b$1665 [0] }
      New connections: $memory\mem$rdmux[0][7][5]$b$1665 [5] = $memory\mem$rdmux[0][8][0]$b$2034 [0]
    Consolidated identical input bits for $mux cell $memory\mem$rdmux[0][8][2]$2038:
      Old ports: A={ 2'10 $memory\mem$rdmux[0][8][0]$b$2034 [0] $memory\mem$rdmux[0][8][0]$b$2034 [0] 2'10 $memory\mem$rdmux[0][8][0]$b$2034 [5] $memory\mem$rdmux[0][8][0]$b$2034 [0] $memory\mem$rdmux[0][8][0]$b$2034 [5] $memory\mem$rdmux[0][8][0]$b$2034 [0] }, B={ 1'0 $memory\mem$rdmux[0][8][0]$b$2034 [5] $memory\mem$rdmux[0][8][0]$b$2034 [0] $memory\mem$rdmux[0][8][0]$b$2034 [5] $memory\mem$rdmux[0][8][0]$b$2034 [5] $memory\mem$rdmux[0][8][0]$b$2034 [0] $memory\mem$rdmux[0][8][0]$b$2034 [0] 3'001 }, Y={ $memory\mem$rdmux[0][7][1]$a$1652 [18:17] $memory\mem$rdmux[0][7][1]$a$1652 [14:13] $memory\mem$rdmux[0][7][1]$a$1652 [9:7] $memory\mem$rdmux[0][7][1]$a$1652 [5] $memory\mem$rdmux[0][7][1]$a$1652 [3:2] }
      New ports: A={ 2'10 $memory\mem$rdmux[0][8][0]$b$2034 [0] 2'10 $memory\mem$rdmux[0][8][0]$b$2034 [5] $memory\mem$rdmux[0][8][0]$b$2034 [0] $memory\mem$rdmux[0][8][0]$b$2034 [5] $memory\mem$rdmux[0][8][0]$b$2034 [0] }, B={ 1'0 $memory\mem$rdmux[0][8][0]$b$2034 [5] $memory\mem$rdmux[0][8][0]$b$2034 [5] $memory\mem$rdmux[0][8][0]$b$2034 [5] $memory\mem$rdmux[0][8][0]$b$2034 [0] $memory\mem$rdmux[0][8][0]$b$2034 [0] 3'001 }, Y={ $memory\mem$rdmux[0][7][1]$a$1652 [18:17] $memory\mem$rdmux[0][7][1]$a$1652 [13] $memory\mem$rdmux[0][7][1]$a$1652 [9:7] $memory\mem$rdmux[0][7][1]$a$1652 [5] $memory\mem$rdmux[0][7][1]$a$1652 [3:2] }
      New connections: $memory\mem$rdmux[0][7][1]$a$1652 [14] = $memory\mem$rdmux[0][8][0]$b$2034 [0]
    Consolidated identical input bits for $mux cell $memory\mem$rdmux[0][8][9]$2059:
      Old ports: A={ $memory\mem$rdmux[0][8][0]$b$2034 [5] $memory\mem$rdmux[0][8][0]$b$2034 [0] $memory\mem$rdmux[0][8][0]$b$2034 [5] $memory\mem$rdmux[0][8][0]$b$2034 [0] }, B={ 2'11 $memory\mem$rdmux[0][8][0]$b$2034 [5] $memory\mem$rdmux[0][8][0]$b$2034 [0] }, Y={ $memory\mem$rdmux[0][7][4]$b$1662 [18] $memory\mem$rdmux[0][7][4]$b$1662 [7] $memory\mem$rdmux[0][7][4]$b$1662 [3:2] }
      New ports: A={ $memory\mem$rdmux[0][8][0]$b$2034 [5] $memory\mem$rdmux[0][8][0]$b$2034 [0] }, B=2'11, Y={ $memory\mem$rdmux[0][7][4]$b$1662 [18] $memory\mem$rdmux[0][7][4]$b$1662 [7] }
      New connections: $memory\mem$rdmux[0][7][4]$b$1662 [3:2] = { $memory\mem$rdmux[0][8][0]$b$2034 [5] $memory\mem$rdmux[0][8][0]$b$2034 [0] }
    Consolidated identical input bits for $mux cell $memory\mem$rdmux[0][5][1]$1363:
      Old ports: A={ 1'0 $memory\mem$rdmux[0][5][1]$a$1364 [23] 1'0 $memory\mem$rdmux[0][5][1]$a$1364 [21:18] $memory\mem$rdmux[0][5][1]$a$1364 [16] $memory\mem$rdmux[0][5][1]$a$1364 [14] $memory\mem$rdmux[0][5][1]$a$1364 [3] $memory\mem$rdmux[0][5][1]$a$1364 [9:5] $memory\mem$rdmux[0][5][1]$a$1364 [3:2] $memory\mem$rdmux[0][5][1]$a$1364 [0] $memory\mem$rdmux[0][5][1]$a$1364 [0] }, B={ $memory\mem$rdmux[0][5][1]$b$1365 [1] $memory\mem$rdmux[0][5][1]$b$1365 [14] $memory\mem$rdmux[0][5][1]$b$1365 [2] $memory\mem$rdmux[0][5][1]$b$1365 [11] $memory\mem$rdmux[0][5][1]$b$1365 [5] $memory\mem$rdmux[0][5][1]$b$1365 [1] $memory\mem$rdmux[0][5][1]$b$1365 [1] $memory\mem$rdmux[0][5][1]$b$1365 [1] $memory\mem$rdmux[0][5][1]$b$1365 [14] $memory\mem$rdmux[0][5][1]$b$1365 [11] $memory\mem$rdmux[0][5][1]$b$1365 [1] $memory\mem$rdmux[0][5][1]$b$1365 [8] $memory\mem$rdmux[0][5][1]$b$1365 [1] $memory\mem$rdmux[0][5][1]$b$1365 [2] $memory\mem$rdmux[0][5][1]$b$1365 [5] $memory\mem$rdmux[0][5][1]$b$1365 [0] $memory\mem$rdmux[0][5][1]$b$1365 [2:0] }, Y={ $memory\mem$rdmux[0][4][0]$b$1314 [25] $memory\mem$rdmux[0][4][0]$b$1314 [23:18] $memory\mem$rdmux[0][4][0]$b$1314 [16] $memory\mem$rdmux[0][4][0]$b$1314 [14] $memory\mem$rdmux[0][4][0]$b$1314 [11] $memory\mem$rdmux[0][4][0]$b$1314 [9:5] $memory\mem$rdmux[0][4][0]$b$1314 [3:0] }
      New ports: A={ $memory\mem$rdmux[0][5][1]$a$1364 [23] 1'0 $memory\mem$rdmux[0][5][1]$a$1364 [21:18] $memory\mem$rdmux[0][5][1]$a$1364 [16] $memory\mem$rdmux[0][5][1]$a$1364 [14] $memory\mem$rdmux[0][5][1]$a$1364 [3] $memory\mem$rdmux[0][5][1]$a$1364 [9:5] $memory\mem$rdmux[0][5][1]$a$1364 [3:2] $memory\mem$rdmux[0][5][1]$a$1364 [0] $memory\mem$rdmux[0][5][1]$a$1364 [0] }, B={ $memory\mem$rdmux[0][7][6]$a$1667 [14] $memory\mem$rdmux[0][7][6]$a$1667 [2] $memory\mem$rdmux[0][7][6]$a$1667 [11] $memory\mem$rdmux[0][7][6]$a$1667 [5] 3'000 $memory\mem$rdmux[0][7][6]$a$1667 [14] $memory\mem$rdmux[0][7][6]$a$1667 [11] 1'0 $memory\mem$rdmux[0][7][6]$a$1667 [8] 1'0 $memory\mem$rdmux[0][7][6]$a$1667 [2] $memory\mem$rdmux[0][7][6]$a$1667 [5] $memory\mem$rdmux[0][7][6]$a$1667 [0] $memory\mem$rdmux[0][7][6]$a$1667 [2] 1'0 $memory\mem$rdmux[0][7][6]$a$1667 [0] }, Y={ $memory\mem$rdmux[0][4][0]$b$1314 [23:18] $memory\mem$rdmux[0][4][0]$b$1314 [16] $memory\mem$rdmux[0][4][0]$b$1314 [14] $memory\mem$rdmux[0][4][0]$b$1314 [11] $memory\mem$rdmux[0][4][0]$b$1314 [9:5] $memory\mem$rdmux[0][4][0]$b$1314 [3:0] }
      New connections: $memory\mem$rdmux[0][4][0]$b$1314 [25] = 1'0
    Consolidated identical input bits for $mux cell $memory\mem$rdmux[0][8][10]$2062:
      Old ports: A={ 1'1 $memory\mem$rdmux[0][8][0]$b$2034 [5] $memory\mem$rdmux[0][8][0]$b$2034 [5] $memory\mem$rdmux[0][8][0]$b$2034 [0] $memory\mem$rdmux[0][8][0]$b$2034 [0] $memory\mem$rdmux[0][8][0]$b$2034 [5] $memory\mem$rdmux[0][8][0]$b$2034 [0] }, B={ 2'00 $memory\mem$rdmux[0][8][0]$b$2034 [0] $memory\mem$rdmux[0][8][0]$b$2034 [5] 1'0 $memory\mem$rdmux[0][8][0]$b$2034 [5] $memory\mem$rdmux[0][8][0]$b$2034 [0] }, Y={ $memory\mem$rdmux[0][7][5]$a$1664 [20:18] $memory\mem$rdmux[0][7][5]$a$1664 [7] $memory\mem$rdmux[0][7][5]$a$1664 [5] $memory\mem$rdmux[0][7][5]$a$1664 [3:2] }
      New ports: A={ 1'1 $memory\mem$rdmux[0][8][0]$b$2034 [5] $memory\mem$rdmux[0][8][0]$b$2034 [5] $memory\mem$rdmux[0][8][0]$b$2034 [0] $memory\mem$rdmux[0][8][0]$b$2034 [0] }, B={ 2'00 $memory\mem$rdmux[0][8][0]$b$2034 [0] $memory\mem$rdmux[0][8][0]$b$2034 [5] 1'0 }, Y={ $memory\mem$rdmux[0][7][5]$a$1664 [20:18] $memory\mem$rdmux[0][7][5]$a$1664 [7] $memory\mem$rdmux[0][7][5]$a$1664 [5] }
      New connections: $memory\mem$rdmux[0][7][5]$a$1664 [3:2] = { $memory\mem$rdmux[0][8][0]$b$2034 [5] $memory\mem$rdmux[0][8][0]$b$2034 [0] }
  Optimizing cells in module \instruction_memory.
  Optimizing cells in module \extend_imm.
  Optimizing cells in module \data_path.
  Optimizing cells in module \control_unit.
  Optimizing cells in module \alu_decoder.
  Optimizing cells in module \alu.
Performed a total of 6 changes.

11.19.13. Executing OPT_MERGE pass (detect identical cells).
Finding identical cells in module `\top'.
Computing hashes of 2 cells of `\top'.
Finding duplicate cells in `\top'.
Finding identical cells in module `\register_file'.
Computing hashes of 159 cells of `\register_file'.
Finding duplicate cells in `\register_file'.
Finding identical cells in module `\program_counter'.
Computing hashes of 1 cells of `\program_counter'.
Finding duplicate cells in `\program_counter'.
Finding identical cells in module `\main_decoder'.
Computing hashes of 17 cells of `\main_decoder'.
Finding duplicate cells in `\main_decoder'.
Finding identical cells in module `\instruction_memory'.
Computing hashes of 27 cells of `\instruction_memory'.
Finding duplicate cells in `\instruction_memory'.
Finding identical cells in module `\extend_imm'.
Computing hashes of 6 cells of `\extend_imm'.
Finding duplicate cells in `\extend_imm'.
Finding identical cells in module `\data_path'.
Computing hashes of 17 cells of `\data_path'.
Finding duplicate cells in `\data_path'.
Finding identical cells in module `\control_unit'.
Computing hashes of 14 cells of `\control_unit'.
Finding duplicate cells in `\control_unit'.
Finding identical cells in module `\alu_decoder'.
Computing hashes of 10 cells of `\alu_decoder'.
Finding duplicate cells in `\alu_decoder'.
Finding identical cells in module `\alu'.
Computing hashes of 20 cells of `\alu'.
Finding duplicate cells in `\alu'.
Removed a total of 0 cells.

11.19.14. Executing OPT_SHARE pass.

11.19.15. Executing OPT_DFF pass (perform DFF optimizations).

11.19.16. Executing OPT_CLEAN pass (remove unused cells and wires).
Finding unused cells or wires in module \top..
Finding unused cells or wires in module \register_file..
Finding unused cells or wires in module \program_counter..
Finding unused cells or wires in module \main_decoder..
Finding unused cells or wires in module \instruction_memory..
Finding unused cells or wires in module \extend_imm..
Finding unused cells or wires in module \data_path..
Finding unused cells or wires in module \control_unit..
Finding unused cells or wires in module \alu_decoder..
Finding unused cells or wires in module \alu..
Removed 0 unused cells and 8 unused wires.
<suppressed ~1 debug messages>

11.19.17. Executing OPT_EXPR pass (perform const folding).
Optimizing module top.
Optimizing module register_file.
Optimizing module program_counter.
Optimizing module main_decoder.
Optimizing module instruction_memory.
Optimizing module extend_imm.
Optimizing module data_path.
Optimizing module control_unit.
Optimizing module alu_decoder.
Optimizing module alu.

11.19.18. Rerunning OPT passes. (Maybe there is more to do..)

11.19.19. Executing OPT_MUXTREE pass (detect dead branches in mux trees).
Running muxtree optimizer on module \top..
  Creating internal representation of mux trees.
  No muxes found in this module.
Running muxtree optimizer on module \register_file..
  Creating internal representation of mux trees.
  Evaluating internal representation of mux trees.
  Analyzing evaluation results.
Running muxtree optimizer on module \program_counter..
  Creating internal representation of mux trees.
  No muxes found in this module.
Running muxtree optimizer on module \main_decoder..
  Creating internal representation of mux trees.
  Evaluating internal representation of mux trees.
  Analyzing evaluation results.
Running muxtree optimizer on module \instruction_memory..
  Creating internal representation of mux trees.
  Evaluating internal representation of mux trees.
  Analyzing evaluation results.
Running muxtree optimizer on module \extend_imm..
  Creating internal representation of mux trees.
  Evaluating internal representation of mux trees.
  Analyzing evaluation results.
Running muxtree optimizer on module \data_path..
  Creating internal representation of mux trees.
  Evaluating internal representation of mux trees.
  Analyzing evaluation results.
Running muxtree optimizer on module \control_unit..
  Creating internal representation of mux trees.
  Evaluating internal representation of mux trees.
  Analyzing evaluation results.
Running muxtree optimizer on module \alu_decoder..
  Creating internal representation of mux trees.
  Evaluating internal representation of mux trees.
  Analyzing evaluation results.
Running muxtree optimizer on module \alu..
  Creating internal representation of mux trees.
  Evaluating internal representation of mux trees.
  Analyzing evaluation results.
Removed 0 multiplexer ports.
<suppressed ~79 debug messages>

11.19.20. Executing OPT_REDUCE pass (consolidate $*mux and $reduce_* inputs).
  Optimizing cells in module \top.
  Optimizing cells in module \register_file.
  Optimizing cells in module \program_counter.
  Optimizing cells in module \main_decoder.
  Optimizing cells in module \instruction_memory.
  Optimizing cells in module \extend_imm.
  Optimizing cells in module \data_path.
  Optimizing cells in module \control_unit.
  Optimizing cells in module \alu_decoder.
  Optimizing cells in module \alu.
Performed a total of 0 changes.

11.19.21. Executing OPT_MERGE pass (detect identical cells).
Finding identical cells in module `\top'.
Computing hashes of 2 cells of `\top'.
Finding duplicate cells in `\top'.
Finding identical cells in module `\register_file'.
Computing hashes of 159 cells of `\register_file'.
Finding duplicate cells in `\register_file'.
Finding identical cells in module `\program_counter'.
Computing hashes of 1 cells of `\program_counter'.
Finding duplicate cells in `\program_counter'.
Finding identical cells in module `\main_decoder'.
Computing hashes of 17 cells of `\main_decoder'.
Finding duplicate cells in `\main_decoder'.
Finding identical cells in module `\instruction_memory'.
Computing hashes of 27 cells of `\instruction_memory'.
Finding duplicate cells in `\instruction_memory'.
Finding identical cells in module `\extend_imm'.
Computing hashes of 6 cells of `\extend_imm'.
Finding duplicate cells in `\extend_imm'.
Finding identical cells in module `\data_path'.
Computing hashes of 17 cells of `\data_path'.
Finding duplicate cells in `\data_path'.
Finding identical cells in module `\control_unit'.
Computing hashes of 14 cells of `\control_unit'.
Finding duplicate cells in `\control_unit'.
Finding identical cells in module `\alu_decoder'.
Computing hashes of 10 cells of `\alu_decoder'.
Finding duplicate cells in `\alu_decoder'.
Finding identical cells in module `\alu'.
Computing hashes of 20 cells of `\alu'.
Finding duplicate cells in `\alu'.
Removed a total of 0 cells.

11.19.22. Executing OPT_SHARE pass.

11.19.23. Executing OPT_DFF pass (perform DFF optimizations).

11.19.24. Executing OPT_CLEAN pass (remove unused cells and wires).
Finding unused cells or wires in module \top..
Finding unused cells or wires in module \register_file..
Finding unused cells or wires in module \program_counter..
Finding unused cells or wires in module \main_decoder..
Finding unused cells or wires in module \instruction_memory..
Finding unused cells or wires in module \extend_imm..
Finding unused cells or wires in module \data_path..
Finding unused cells or wires in module \control_unit..
Finding unused cells or wires in module \alu_decoder..
Finding unused cells or wires in module \alu..

11.19.25. Executing OPT_EXPR pass (perform const folding).
Optimizing module top.
Optimizing module register_file.
Optimizing module program_counter.
Optimizing module main_decoder.
Optimizing module instruction_memory.
Optimizing module extend_imm.
Optimizing module data_path.
Optimizing module control_unit.
Optimizing module alu_decoder.
Optimizing module alu.

11.19.26. Finished fast OPT passes. (There is nothing left to do.)

11.20. Executing TECHMAP pass (map to technology primitives).

11.20.1. Executing Verilog-2005 frontend: D:\oss-cad-suite\bin\../share/yosys/techmap.v
Parsing Verilog input from `D:\oss-cad-suite\bin\../share/yosys/techmap.v' to AST representation.
Generating RTLIL representation for module `\_90_simplemap_bool_ops'.
Generating RTLIL representation for module `\_90_simplemap_reduce_ops'.
Generating RTLIL representation for module `\_90_simplemap_logic_ops'.
Generating RTLIL representation for module `\_90_simplemap_compare_ops'.
Generating RTLIL representation for module `\_90_simplemap_various'.
Generating RTLIL representation for module `\_90_simplemap_registers'.
Generating RTLIL representation for module `\_90_shift_ops_shr_shl_sshl_sshr'.
Generating RTLIL representation for module `\_90_shift_shiftx'.
Generating RTLIL representation for module `\_90_fa'.
Generating RTLIL representation for module `\_90_lcu_brent_kung'.
Generating RTLIL representation for module `\_90_alu'.
Generating RTLIL representation for module `\_90_macc'.
Generating RTLIL representation for module `\_90_alumacc'.
Generating RTLIL representation for module `$__div_mod_u'.
Generating RTLIL representation for module `$__div_mod_trunc'.
Generating RTLIL representation for module `\_90_div'.
Generating RTLIL representation for module `\_90_mod'.
Generating RTLIL representation for module `$__div_mod_floor'.
Generating RTLIL representation for module `\_90_divfloor'.
Generating RTLIL representation for module `\_90_modfloor'.
Generating RTLIL representation for module `\_90_pow'.
Generating RTLIL representation for module `\_90_pmux'.
Generating RTLIL representation for module `\_90_demux'.
Generating RTLIL representation for module `\_90_lut'.
Generating RTLIL representation for module `$connect'.
Generating RTLIL representation for module `$input_port'.
Successfully finished Verilog frontend.

11.20.2. Continuing TECHMAP pass.
Using template $paramod$fbc7873bff55778c0b3173955b7e4bce1d9d6834\_90_alu for cells of type $alu.
Using extmapper simplemap for cells of type $not.
Using extmapper simplemap for cells of type $xor.
Using extmapper simplemap for cells of type $logic_not.
Using extmapper simplemap for cells of type $and.
Using extmapper simplemap for cells of type $or.
Using template $paramod$constmap:6111415c3ecfd9bb520e2072bfee38e7d8bfb139$paramod$335cfd09f1afa8139c4aafcbbe5f361887b79c5e\_90_shift_ops_shr_shl_sshl_sshr for cells of type $shl.
Using template $paramod$constmap:6111415c3ecfd9bb520e2072bfee38e7d8bfb139$paramod$feecc7a0dbd012970970f2858f15e786e251f677\_90_shift_ops_shr_shl_sshl_sshr for cells of type $shr.
Using template $paramod$constmap:6111415c3ecfd9bb520e2072bfee38e7d8bfb139$paramod$e765c459d3029c22a22a27989e94858fd9ebfa9c\_90_shift_ops_shr_shl_sshl_sshr for cells of type $sshr.
Using extmapper simplemap for cells of type $eq.
Using template $paramod$bf8e268f26361094a16ad6650df0ad1ca719658a\_90_pmux for cells of type $pmux.
Using extmapper simplemap for cells of type $reduce_or.
Using extmapper simplemap for cells of type $pos.
Using template $paramod\_90_fa\WIDTH=32'00000000000000000000000000100000 for cells of type $fa.
Using template $paramod\_90_lcu_brent_kung\WIDTH=32'00000000000000000000000000100000 for cells of type $lcu.
Using template $paramod$a285b5a57fe61eabc57c91b8c412748ee1151a85\_90_pmux for cells of type $pmux.
Using template $paramod$eaeb96106163dbf82031649d189817109fe07c69\_90_pmux for cells of type $pmux.
Using template $paramod$44a13d10af618e7fbe7b9aad2f6151ffcee1e2fa\_90_alu for cells of type $alu.
Using template $paramod$54d740639e1393b22262823179ff783ea9f17a35\_90_pmux for cells of type $pmux.
Using template $paramod\_90_fa\WIDTH=32'00000000000000000000000000011110 for cells of type $fa.
Using template $paramod\_90_lcu_brent_kung\WIDTH=32'00000000000000000000000000011110 for cells of type $lcu.
Using template $paramod$59b03ae2620a41577de8da5f5c97b2919e82362b\_90_pmux for cells of type $pmux.
Using template $paramod$521ce43182eecb9f60c72393a788160d2c356bf5\_90_pmux for cells of type $pmux.
Using template $paramod$97565c3687be688407d1272a293bd9d0ae6852dc\_90_pmux for cells of type $pmux.
Using template $paramod$d31bf4d7d72e59528d18fbd4f322e9d608532043\_90_pmux for cells of type $pmux.
Using extmapper simplemap for cells of type $adff.
Using extmapper simplemap for cells of type $reduce_and.
Using extmapper simplemap for cells of type $dffe.
Using template $paramod$b1b84ea6577090e4343ab204585f770b9ac9f33b\_90_pmux for cells of type $pmux.
No more expansions possible.
<suppressed ~2936 debug messages>

11.21. Executing OPT pass (performing simple optimizations).

11.21.1. Executing OPT_EXPR pass (perform const folding).
Optimizing module top.
Optimizing module register_file.
<suppressed ~519 debug messages>
Optimizing module program_counter.
Optimizing module main_decoder.
<suppressed ~96 debug messages>
Optimizing module instruction_memory.
<suppressed ~8 debug messages>
Optimizing module extend_imm.
<suppressed ~40 debug messages>
Optimizing module data_path.
<suppressed ~399 debug messages>
Optimizing module control_unit.
<suppressed ~15 debug messages>
Optimizing module alu_decoder.
<suppressed ~71 debug messages>
Optimizing module alu.
<suppressed ~353 debug messages>

11.21.2. Executing OPT_MERGE pass (detect identical cells).
Finding identical cells in module `\top'.
Computing hashes of 2 cells of `\top'.
Finding duplicate cells in `\top'.
Finding identical cells in module `\register_file'.
Computing hashes of 5719 cells of `\register_file'.
Finding duplicate cells in `\register_file'.
Computing hashes of 5428 cells of `\register_file'.
Finding duplicate cells in `\register_file'.
Computing hashes of 5302 cells of `\register_file'.
Finding duplicate cells in `\register_file'.
Computing hashes of 5259 cells of `\register_file'.
Finding duplicate cells in `\register_file'.
<suppressed ~1380 debug messages>
Finding identical cells in module `\program_counter'.
Computing hashes of 32 cells of `\program_counter'.
Finding duplicate cells in `\program_counter'.
Finding identical cells in module `\main_decoder'.
Computing hashes of 130 cells of `\main_decoder'.
Finding duplicate cells in `\main_decoder'.
Computing hashes of 95 cells of `\main_decoder'.
Finding duplicate cells in `\main_decoder'.
Computing hashes of 80 cells of `\main_decoder'.
Finding duplicate cells in `\main_decoder'.
Computing hashes of 70 cells of `\main_decoder'.
Finding duplicate cells in `\main_decoder'.
<suppressed ~180 debug messages>
Finding identical cells in module `\instruction_memory'.
Computing hashes of 311 cells of `\instruction_memory'.
Finding duplicate cells in `\instruction_memory'.
Computing hashes of 243 cells of `\instruction_memory'.
Finding duplicate cells in `\instruction_memory'.
Computing hashes of 226 cells of `\instruction_memory'.
Finding duplicate cells in `\instruction_memory'.
Computing hashes of 219 cells of `\instruction_memory'.
Finding duplicate cells in `\instruction_memory'.
<suppressed ~276 debug messages>
Finding identical cells in module `\extend_imm'.
Computing hashes of 316 cells of `\extend_imm'.
Finding duplicate cells in `\extend_imm'.
Computing hashes of 243 cells of `\extend_imm'.
Finding duplicate cells in `\extend_imm'.
Computing hashes of 224 cells of `\extend_imm'.
Finding duplicate cells in `\extend_imm'.
<suppressed ~276 debug messages>
Finding identical cells in module `\data_path'.
Computing hashes of 853 cells of `\data_path'.
Finding duplicate cells in `\data_path'.
Computing hashes of 820 cells of `\data_path'.
Finding duplicate cells in `\data_path'.
<suppressed ~99 debug messages>
Finding identical cells in module `\control_unit'.
Computing hashes of 51 cells of `\control_unit'.
Finding duplicate cells in `\control_unit'.
Computing hashes of 44 cells of `\control_unit'.
Finding duplicate cells in `\control_unit'.
Computing hashes of 43 cells of `\control_unit'.
Finding duplicate cells in `\control_unit'.
<suppressed ~24 debug messages>
Finding identical cells in module `\alu_decoder'.
Computing hashes of 82 cells of `\alu_decoder'.
Finding duplicate cells in `\alu_decoder'.
Computing hashes of 62 cells of `\alu_decoder'.
Finding duplicate cells in `\alu_decoder'.
Computing hashes of 57 cells of `\alu_decoder'.
Finding duplicate cells in `\alu_decoder'.
<suppressed ~75 debug messages>
Finding identical cells in module `\alu'.
Computing hashes of 1611 cells of `\alu'.
Finding duplicate cells in `\alu'.
Computing hashes of 1503 cells of `\alu'.
Finding duplicate cells in `\alu'.
Computing hashes of 1468 cells of `\alu'.
Finding duplicate cells in `\alu'.
Computing hashes of 1443 cells of `\alu'.
Finding duplicate cells in `\alu'.
Computing hashes of 1426 cells of `\alu'.
Finding duplicate cells in `\alu'.
Computing hashes of 1425 cells of `\alu'.
Finding duplicate cells in `\alu'.
<suppressed ~558 debug messages>
Removed a total of 956 cells.

11.21.3. Executing OPT_DFF pass (perform DFF optimizations).

11.21.4. Executing OPT_CLEAN pass (remove unused cells and wires).
Finding unused cells or wires in module \top..
Finding unused cells or wires in module \register_file..
Finding unused cells or wires in module \program_counter..
Finding unused cells or wires in module \main_decoder..
Finding unused cells or wires in module \instruction_memory..
Finding unused cells or wires in module \extend_imm..
Finding unused cells or wires in module \data_path..
Finding unused cells or wires in module \control_unit..
Finding unused cells or wires in module \alu_decoder..
Finding unused cells or wires in module \alu..
Removed 64 unused cells and 1912 unused wires.
<suppressed ~72 debug messages>

11.21.5. Finished fast OPT passes.

11.22. Executing ABC pass (technology mapping using ABC).

11.22.1. Extracting gate netlist of module `\top' to `<abc-temp-dir>/input.blif'..
Don't call ABC as there is nothing to map.

11.22.1.1. Executed ABC.
Extracted 0 gates and 0 wires to a netlist network with 0 inputs and 0 outputs.
Removing temp directory.

11.22.2. Extracting gate netlist of module `\register_file' to `<abc-temp-dir>/input.blif'..

11.22.2.1. Executed ABC.
Extracted 4265 gates and 5275 wires to a netlist network with 1009 inputs and 95 outputs.
Running ABC script: <abc-temp-dir>/abc.script
ABC: ======== ABC command line "source <abc-temp-dir>/abc.script"
ABC: + read_blif <abc-temp-dir>/input.blif 
ABC: + read_library <abc-temp-dir>/stdcells.genlib 
ABC: + strash 
ABC: + dretime 
ABC: + map 
ABC: + write_blif <abc-temp-dir>/output.blif 

11.22.2.2. Re-integrating ABC results.
ABC RESULTS:               AND cells:       14
ABC RESULTS:            ANDNOT cells:        8
ABC RESULTS:               MUX cells:       64
ABC RESULTS:              NAND cells:       43
ABC RESULTS:               NOR cells:     2030
ABC RESULTS:               NOT cells:      675
ABC RESULTS:                OR cells:        3
ABC RESULTS:             ORNOT cells:     1997
ABC RESULTS:        internal signals:     4171
ABC RESULTS:           input signals:     1009
ABC RESULTS:          output signals:       95
Removing temp directory.

11.22.3. Extracting gate netlist of module `\program_counter' to `<abc-temp-dir>/input.blif'..
Don't call ABC as there is nothing to map.

11.22.3.1. Executed ABC.
Extracted 0 gates and 0 wires to a netlist network with 0 inputs and 0 outputs.
Removing temp directory.

11.22.4. Extracting gate netlist of module `\main_decoder' to `<abc-temp-dir>/input.blif'..

11.22.4.1. Executed ABC.
Extracted 70 gates and 78 wires to a netlist network with 7 inputs and 14 outputs.
Running ABC script: <abc-temp-dir>/abc.script
ABC: ======== ABC command line "source <abc-temp-dir>/abc.script"
ABC: + read_blif <abc-temp-dir>/input.blif 
ABC: + read_library <abc-temp-dir>/stdcells.genlib 
ABC: + strash 
ABC: + dretime 
ABC: + map 
ABC: + write_blif <abc-temp-dir>/output.blif 

11.22.4.2. Re-integrating ABC results.
ABC RESULTS:               AND cells:        1
ABC RESULTS:            ANDNOT cells:        3
ABC RESULTS:              NAND cells:        2
ABC RESULTS:               NOR cells:       22
ABC RESULTS:               NOT cells:        2
ABC RESULTS:                OR cells:        8
ABC RESULTS:             ORNOT cells:       18
ABC RESULTS:        internal signals:       57
ABC RESULTS:           input signals:        7
ABC RESULTS:          output signals:       14
Removing temp directory.

11.22.5. Extracting gate netlist of module `\instruction_memory' to `<abc-temp-dir>/input.blif'..

11.22.5.1. Executed ABC.
Extracted 219 gates and 227 wires to a netlist network with 6 inputs and 27 outputs.
Running ABC script: <abc-temp-dir>/abc.script
ABC: ======== ABC command line "source <abc-temp-dir>/abc.script"
ABC: + read_blif <abc-temp-dir>/input.blif 
ABC: + read_library <abc-temp-dir>/stdcells.genlib 
ABC: + strash 
ABC: + dretime 
ABC: + map 
ABC: + write_blif <abc-temp-dir>/output.blif 

11.22.5.2. Re-integrating ABC results.
ABC RESULTS:               AND cells:        3
ABC RESULTS:            ANDNOT cells:       28
ABC RESULTS:               MUX cells:      158
ABC RESULTS:              NAND cells:        5
ABC RESULTS:               NOR cells:       12
ABC RESULTS:               NOT cells:        6
ABC RESULTS:                OR cells:        7
ABC RESULTS:             ORNOT cells:        7
ABC RESULTS:        internal signals:      194
ABC RESULTS:           input signals:        6
ABC RESULTS:          output signals:       27
Removing temp directory.

11.22.6. Extracting gate netlist of module `\extend_imm' to `<abc-temp-dir>/input.blif'..

11.22.6.1. Executed ABC.
Extracted 224 gates and 253 wires to a netlist network with 28 inputs and 32 outputs.
Running ABC script: <abc-temp-dir>/abc.script
ABC: ======== ABC command line "source <abc-temp-dir>/abc.script"
ABC: + read_blif <abc-temp-dir>/input.blif 
ABC: + read_library <abc-temp-dir>/stdcells.genlib 
ABC: + strash 
ABC: + dretime 
ABC: + map 
ABC: + write_blif <abc-temp-dir>/output.blif 

11.22.6.2. Re-integrating ABC results.
ABC RESULTS:               AND cells:        1
ABC RESULTS:            ANDNOT cells:       26
ABC RESULTS:               MUX cells:        1
ABC RESULTS:              NAND cells:        4
ABC RESULTS:               NOR cells:       65
ABC RESULTS:               NOT cells:        6
ABC RESULTS:                OR cells:        1
ABC RESULTS:             ORNOT cells:       76
ABC RESULTS:        internal signals:      193
ABC RESULTS:           input signals:       28
ABC RESULTS:          output signals:       32
Removing temp directory.

11.22.7. Extracting gate netlist of module `\data_path' to `<abc-temp-dir>/input.blif'..

11.22.7.1. Executed ABC.
Extracted 767 gates and 966 wires to a netlist network with 198 inputs and 128 outputs.
Running ABC script: <abc-temp-dir>/abc.script
ABC: ======== ABC command line "source <abc-temp-dir>/abc.script"
ABC: + read_blif <abc-temp-dir>/input.blif 
ABC: + read_library <abc-temp-dir>/stdcells.genlib 
ABC: + strash 
ABC: + dretime 
ABC: + map 
ABC: + write_blif <abc-temp-dir>/output.blif 

11.22.7.2. Re-integrating ABC results.
ABC RESULTS:               AND cells:       33
ABC RESULTS:            ANDNOT cells:       94
ABC RESULTS:               MUX cells:       96
ABC RESULTS:              NAND cells:       25
ABC RESULTS:               NOR cells:      277
ABC RESULTS:               NOT cells:        7
ABC RESULTS:                OR cells:       17
ABC RESULTS:             ORNOT cells:      120
ABC RESULTS:              XNOR cells:       92
ABC RESULTS:        internal signals:      640
ABC RESULTS:           input signals:      198
ABC RESULTS:          output signals:      128
Removing temp directory.

11.22.8. Extracting gate netlist of module `\control_unit' to `<abc-temp-dir>/input.blif'..

11.22.8.1. Executed ABC.
Extracted 41 gates and 50 wires to a netlist network with 8 inputs and 1 outputs.
Running ABC script: <abc-temp-dir>/abc.script
ABC: ======== ABC command line "source <abc-temp-dir>/abc.script"
ABC: + read_blif <abc-temp-dir>/input.blif 
ABC: + read_library <abc-temp-dir>/stdcells.genlib 
ABC: + strash 
ABC: + dretime 
ABC: + map 
ABC: + write_blif <abc-temp-dir>/output.blif 

11.22.8.2. Re-integrating ABC results.
ABC RESULTS:               AND cells:        1
ABC RESULTS:            ANDNOT cells:        2
ABC RESULTS:               MUX cells:        3
ABC RESULTS:              NAND cells:        1
ABC RESULTS:               NOR cells:        2
ABC RESULTS:                OR cells:        2
ABC RESULTS:             ORNOT cells:        8
ABC RESULTS:        internal signals:       41
ABC RESULTS:           input signals:        8
ABC RESULTS:          output signals:        1
Removing temp directory.

11.22.9. Extracting gate netlist of module `\alu_decoder' to `<abc-temp-dir>/input.blif'..

11.22.9.1. Executed ABC.
Extracted 57 gates and 65 wires to a netlist network with 7 inputs and 3 outputs.
Running ABC script: <abc-temp-dir>/abc.script
ABC: ======== ABC command line "source <abc-temp-dir>/abc.script"
ABC: + read_blif <abc-temp-dir>/input.blif 
ABC: + read_library <abc-temp-dir>/stdcells.genlib 
ABC: + strash 
ABC: + dretime 
ABC: + map 
ABC: + write_blif <abc-temp-dir>/output.blif 

11.22.9.2. Re-integrating ABC results.
ABC RESULTS:               AND cells:        2
ABC RESULTS:            ANDNOT cells:        5
ABC RESULTS:              NAND cells:        5
ABC RESULTS:               NOR cells:       15
ABC RESULTS:               NOT cells:        1
ABC RESULTS:                OR cells:        2
ABC RESULTS:             ORNOT cells:       13
ABC RESULTS:        internal signals:       55
ABC RESULTS:           input signals:        7
ABC RESULTS:          output signals:        3
Removing temp directory.

11.22.10. Extracting gate netlist of module `\alu' to `<abc-temp-dir>/input.blif'..

11.22.10.1. Executed ABC.
Extracted 1411 gates and 1480 wires to a netlist network with 68 inputs and 35 outputs.
Running ABC script: <abc-temp-dir>/abc.script
ABC: ======== ABC command line "source <abc-temp-dir>/abc.script"
ABC: + read_blif <abc-temp-dir>/input.blif 
ABC: + read_library <abc-temp-dir>/stdcells.genlib 
ABC: + strash 
ABC: + dretime 
ABC: + map 
ABC: + write_blif <abc-temp-dir>/output.blif 

11.22.10.2. Re-integrating ABC results.
ABC RESULTS:               AND cells:       10
ABC RESULTS:            ANDNOT cells:      214
ABC RESULTS:               MUX cells:      310
ABC RESULTS:              NAND cells:       60
ABC RESULTS:               NOR cells:      439
ABC RESULTS:               NOT cells:       12
ABC RESULTS:                OR cells:       36
ABC RESULTS:             ORNOT cells:      194
ABC RESULTS:              XNOR cells:       94
ABC RESULTS:               XOR cells:        2
ABC RESULTS:        internal signals:     1377
ABC RESULTS:           input signals:       68
ABC RESULTS:          output signals:       35
Removing temp directory.
Removing global temp directory.

11.23. Executing OPT pass (performing simple optimizations).

11.23.1. Executing OPT_EXPR pass (perform const folding).
Optimizing module top.
Optimizing module register_file.
Optimizing module program_counter.
Optimizing module main_decoder.
Optimizing module instruction_memory.
<suppressed ~66 debug messages>
Optimizing module extend_imm.
Optimizing module data_path.
Optimizing module control_unit.
Optimizing module alu_decoder.
Optimizing module alu.
<suppressed ~151 debug messages>

11.23.2. Executing OPT_MERGE pass (detect identical cells).
Finding identical cells in module `\top'.
Computing hashes of 2 cells of `\top'.
Finding duplicate cells in `\top'.
Finding identical cells in module `\register_file'.
Computing hashes of 5826 cells of `\register_file'.
Finding duplicate cells in `\register_file'.
Finding identical cells in module `\program_counter'.
Computing hashes of 32 cells of `\program_counter'.
Finding duplicate cells in `\program_counter'.
Finding identical cells in module `\main_decoder'.
Computing hashes of 56 cells of `\main_decoder'.
Finding duplicate cells in `\main_decoder'.
Computing hashes of 55 cells of `\main_decoder'.
Finding duplicate cells in `\main_decoder'.
<suppressed ~3 debug messages>
Finding identical cells in module `\instruction_memory'.
Computing hashes of 226 cells of `\instruction_memory'.
Finding duplicate cells in `\instruction_memory'.
Computing hashes of 224 cells of `\instruction_memory'.
Finding duplicate cells in `\instruction_memory'.
<suppressed ~6 debug messages>
Finding identical cells in module `\extend_imm'.
Computing hashes of 180 cells of `\extend_imm'.
Finding duplicate cells in `\extend_imm'.
Finding identical cells in module `\data_path'.
Computing hashes of 766 cells of `\data_path'.
Finding duplicate cells in `\data_path'.
Finding identical cells in module `\control_unit'.
Computing hashes of 21 cells of `\control_unit'.
Finding duplicate cells in `\control_unit'.
Finding identical cells in module `\alu_decoder'.
Computing hashes of 43 cells of `\alu_decoder'.
Finding duplicate cells in `\alu_decoder'.
Finding identical cells in module `\alu'.
Computing hashes of 1371 cells of `\alu'.
Finding duplicate cells in `\alu'.
Computing hashes of 1370 cells of `\alu'.
Finding duplicate cells in `\alu'.
<suppressed ~3 debug messages>
Removed a total of 4 cells.

11.23.3. Executing OPT_DFF pass (perform DFF optimizations).

11.23.4. Executing OPT_CLEAN pass (remove unused cells and wires).
Finding unused cells or wires in module \top..
Finding unused cells or wires in module \register_file..
Finding unused cells or wires in module \program_counter..
Finding unused cells or wires in module \main_decoder..
Finding unused cells or wires in module \instruction_memory..
Finding unused cells or wires in module \extend_imm..
Finding unused cells or wires in module \data_path..
Finding unused cells or wires in module \control_unit..
Finding unused cells or wires in module \alu_decoder..
Finding unused cells or wires in module \alu..
Removed 4 unused cells and 2884 unused wires.
<suppressed ~13 debug messages>

11.23.5. Finished fast OPT passes.

11.24. Executing HIERARCHY pass (managing design hierarchy).
Attribute `top' found on module `top'. Setting top module to top.

11.24.1. Analyzing design hierarchy..
Top module:  \top
Used module:     \control_unit
Used module:         \alu_decoder
Used module:         \main_decoder
Used module:     \data_path
Used module:         \extend_imm
Used module:         \instruction_memory
Used module:         \program_counter
Used module:         \alu
Used module:         \register_file

11.24.2. Analyzing design hierarchy..
Top module:  \top
Used module:     \control_unit
Used module:         \alu_decoder
Used module:         \main_decoder
Used module:     \data_path
Used module:         \extend_imm
Used module:         \instruction_memory
Used module:         \program_counter
Used module:         \alu
Used module:         \register_file
Removed 0 unused modules.

11.25. Printing statistics.

=== top ===

        +----------Local Count, excluding submodules.
        | 
       17 wires
      148 wire bits
       17 public wires
      148 public wire bits
        6 ports
       99 port bits
        2 submodules
        1   control_unit
        1   data_path

=== register_file ===

        +----------Local Count, excluding submodules.
        | 
     4810 wires
     5876 wire bits
       40 public wires
     1106 public wire bits
        9 ports
      114 port bits
     5826 cells
        8   $_ANDNOT_
       14   $_AND_
      992   $_DFFE_PP_
       64   $_MUX_
       43   $_NAND_
     2030   $_NOR_
      675   $_NOT_
     1997   $_ORNOT_
        3   $_OR_

=== program_counter ===

        +----------Local Count, excluding submodules.
        | 
        4 wires
       66 wire bits
        4 public wires
       66 public wire bits
        4 ports
       66 port bits
       32 cells
       32   $_DFF_PN0_

=== main_decoder ===

        +----------Local Count, excluding submodules.
        | 
       53 wires
       63 wire bits
       11 public wires
       21 public wire bits
       11 ports
       21 port bits
       55 cells
        3   $_ANDNOT_
        1   $_AND_
        2   $_NAND_
       21   $_NOR_
        2   $_NOT_
       18   $_ORNOT_
        8   $_OR_

=== instruction_memory ===

        +----------Local Count, excluding submodules.
        | 
      198 wires
      260 wire bits
        2 public wires
       64 public wire bits
        2 ports
       64 port bits
      223 cells
       27   $_ANDNOT_
        3   $_AND_
      158   $_MUX_
        5   $_NAND_
       11   $_NOR_
        5   $_NOT_
        7   $_ORNOT_
        7   $_OR_

=== extend_imm ===

        +----------Local Count, excluding submodules.
        | 
      151 wires
      215 wire bits
        3 public wires
       67 public wire bits
        3 ports
       67 port bits
      180 cells
       26   $_ANDNOT_
        1   $_AND_
        1   $_MUX_
        4   $_NAND_
       65   $_NOR_
        6   $_NOT_
       76   $_ORNOT_
        1   $_OR_

=== data_path ===

        +----------Local Count, excluding submodules.
        | 
      657 wires
     1036 wire bits
       24 public wires
      403 public wire bits
       16 ports
      147 port bits
      761 cells
       94   $_ANDNOT_
       33   $_AND_
       96   $_MUX_
       25   $_NAND_
      277   $_NOR_
        7   $_NOT_
      120   $_ORNOT_
       17   $_OR_
       92   $_XNOR_
        5 submodules
        1   alu
        1   extend_imm
        1   instruction_memory
        1   program_counter
        1   register_file

=== control_unit ===

        +----------Local Count, excluding submodules.
        | 
       36 wires
       52 wire bits
       18 public wires
       34 public wire bits
       14 ports
       29 port bits
       19 cells
        2   $_ANDNOT_
        1   $_AND_
        3   $_MUX_
        1   $_NAND_
        2   $_NOR_
        8   $_ORNOT_
        2   $_OR_
        2 submodules
        1   alu_decoder
        1   main_decoder

=== alu_decoder ===

        +----------Local Count, excluding submodules.
        | 
       45 wires
       51 wire bits
        5 public wires
       11 public wire bits
        5 ports
       11 port bits
       43 cells
        5   $_ANDNOT_
        2   $_AND_
        5   $_NAND_
       15   $_NOR_
        1   $_NOT_
       13   $_ORNOT_
        2   $_OR_

=== alu ===

        +----------Local Count, excluding submodules.
        | 
     1339 wires
     1435 wire bits
        7 public wires
      103 public wire bits
        7 ports
      103 port bits
     1367 cells
      213   $_ANDNOT_
       10   $_AND_
      310   $_MUX_
       60   $_NAND_
      439   $_NOR_
        9   $_NOT_
      194   $_ORNOT_
       36   $_OR_
       94   $_XNOR_
        2   $_XOR_

=== design hierarchy ===

        +----------Count including submodules.
        | 
     8506 top
       19 control_unit
       43   alu_decoder
       55   main_decoder
      761 data_path
     1367   alu
      180   extend_imm
      223   instruction_memory
       32   program_counter
     5826   register_file

        +----------Count including submodules.
        | 
     7310 wires
     9202 wire bits
      131 public wires
     2023 public wire bits
       77 ports
      721 port bits
        - memories
        - memory bits
        - processes
     8506 cells
      378   $_ANDNOT_
       65   $_AND_
      992   $_DFFE_PP_
       32   $_DFF_PN0_
      632   $_MUX_
      145   $_NAND_
     2860   $_NOR_
      705   $_NOT_
     2433   $_ORNOT_
       76   $_OR_
      186   $_XNOR_
        2   $_XOR_
        2 submodules
        1   control_unit
        1   data_path

11.26. Executing CHECK pass (checking for obvious problems).
Checking module top...
Checking module register_file...
Checking module program_counter...
Checking module main_decoder...
Checking module instruction_memory...
Checking module extend_imm...
Checking module data_path...
Checking module control_unit...
Checking module alu_decoder...
Checking module alu...
Found and reported 0 problems.

12. Executing DFFLIBMAP pass (mapping DFF cells to sequential cells from liberty file).
  cell DFF_X1 (noninv, pins=4, area=4.52) is a direct match for cell type $_DFF_P_.
  cell DFFR_X1 (noninv, pins=5, area=5.32) is a direct match for cell type $_DFF_PN0_.
  cell DFFS_X1 (noninv, pins=5, area=5.32) is a direct match for cell type $_DFF_PN1_.
  cell DFFRS_X1 (noninv, pins=6, area=6.38) is a direct match for cell type $_DFFSR_PNN_.
  final dff cell mappings:
    unmapped dff cell: $_DFF_N_
    \DFF_X1 _DFF_P_ (.CK( C), .D( D), .Q( Q), .QN(~Q));
    unmapped dff cell: $_DFF_NN0_
    unmapped dff cell: $_DFF_NN1_
    unmapped dff cell: $_DFF_NP0_
    unmapped dff cell: $_DFF_NP1_
    \DFFR_X1 _DFF_PN0_ (.CK( C), .D( D), .Q( Q), .QN(~Q), .RN( R));
    \DFFS_X1 _DFF_PN1_ (.CK( C), .D( D), .Q( Q), .QN(~Q), .SN( R));
    unmapped dff cell: $_DFF_PP0_
    unmapped dff cell: $_DFF_PP1_
    unmapped dff cell: $_DFFE_NN_
    unmapped dff cell: $_DFFE_NP_
    unmapped dff cell: $_DFFE_PN_
    unmapped dff cell: $_DFFE_PP_
    unmapped dff cell: $_DFFSR_NNN_
    unmapped dff cell: $_DFFSR_NNP_
    unmapped dff cell: $_DFFSR_NPN_
    unmapped dff cell: $_DFFSR_NPP_
    \DFFRS_X1 _DFFSR_PNN_ (.CK( C), .D( D), .Q( Q), .QN(~Q), .RN( R), .SN( S));
    unmapped dff cell: $_DFFSR_PNP_
    unmapped dff cell: $_DFFSR_PPN_
    unmapped dff cell: $_DFFSR_PPP_

12.1. Executing DFFLEGALIZE pass (convert FFs to types supported by the target).
<suppressed ~8 debug messages>
Mapping DFF cells in module `\top':
Mapping DFF cells in module `\register_file':
  mapped 992 $_DFF_P_ cells to \DFF_X1 cells.
Mapping DFF cells in module `\program_counter':
  mapped 32 $_DFF_PN0_ cells to \DFFR_X1 cells.
Mapping DFF cells in module `\main_decoder':
Mapping DFF cells in module `\instruction_memory':
Mapping DFF cells in module `\extend_imm':
Mapping DFF cells in module `\data_path':
Mapping DFF cells in module `\control_unit':
Mapping DFF cells in module `\alu_decoder':
Mapping DFF cells in module `\alu':

13. Executing ABC pass (technology mapping using ABC).

13.1. Extracting gate netlist of module `\top' to `<abc-temp-dir>/input.blif'..
Don't call ABC as there is nothing to map.

13.1.1. Executed ABC.
Extracted 0 gates and 0 wires to a netlist network with 0 inputs and 0 outputs.
Removing temp directory.

13.2. Extracting gate netlist of module `\register_file' to `<abc-temp-dir>/input.blif'..

13.2.1. Executed ABC.
Extracted 5826 gates and 7539 wires to a netlist network with 1713 inputs and 1056 outputs.
Running ABC script: <abc-temp-dir>/abc.script
ABC: ======== ABC command line "source <abc-temp-dir>/abc.script"
ABC: + read_blif <abc-temp-dir>/input.blif 
ABC: + read_lib -w D:\computer_architecture\riscv/synthesis/lib/NangateOpenCellLibrary_typical.lib 
ABC: Parsing finished successfully.  Parsing time =     0.02 sec
ABC: Scl_LibertyReadGenlib() skipped cell "ANTENNA_X1" due to dont_use attribute.
ABC: Scl_LibertyReadGenlib() skipped cell "CLKGATETST_X1" without logic function.
ABC: Scl_LibertyReadGenlib() skipped cell "CLKGATETST_X2" without logic function.
ABC: Scl_LibertyReadGenlib() skipped cell "CLKGATETST_X4" without logic function.
ABC: Scl_LibertyReadGenlib() skipped cell "CLKGATETST_X8" without logic function.
ABC: Scl_LibertyReadGenlib() skipped cell "CLKGATE_X1" without logic function.
ABC: Scl_LibertyReadGenlib() skipped cell "CLKGATE_X2" without logic function.
ABC: Scl_LibertyReadGenlib() skipped cell "CLKGATE_X4" without logic function.
ABC: Scl_LibertyReadGenlib() skipped cell "CLKGATE_X8" without logic function.
ABC: Scl_LibertyReadGenlib() skipped sequential cell "DFFRS_X1".
ABC: Scl_LibertyReadGenlib() skipped sequential cell "DFFRS_X2".
ABC: Scl_LibertyReadGenlib() skipped sequential cell "DFFR_X1".
ABC: Scl_LibertyReadGenlib() skipped sequential cell "DFFR_X2".
ABC: Scl_LibertyReadGenlib() skipped sequential cell "DFFS_X1".
ABC: Scl_LibertyReadGenlib() skipped sequential cell "DFFS_X2".
ABC: Scl_LibertyReadGenlib() skipped sequential cell "DFF_X1".
ABC: Scl_LibertyReadGenlib() skipped sequential cell "DFF_X2".
ABC: Scl_LibertyReadGenlib() skipped sequential cell "DLH_X1".
ABC: Scl_LibertyReadGenlib() skipped sequential cell "DLH_X2".
ABC: Scl_LibertyReadGenlib() skipped sequential cell "DLL_X1".
ABC: Scl_LibertyReadGenlib() skipped sequential cell "DLL_X2".
ABC: Scl_LibertyReadGenlib() skipped cell "FILLCELL_X1" due to dont_use attribute.
ABC: Scl_LibertyReadGenlib() skipped cell "TAPCELL_X1" due to dont_use attribute.
ABC: Scl_LibertyReadGenlib() skipped cell "FILLCELL_X2" due to dont_use attribute.
ABC: Scl_LibertyReadGenlib() skipped cell "FILLCELL_X4" due to dont_use attribute.
ABC: Scl_LibertyReadGenlib() skipped cell "FILLCELL_X8" due to dont_use attribute.
ABC: Scl_LibertyReadGenlib() skipped cell "FILLCELL_X16" due to dont_use attribute.
ABC: Scl_LibertyReadGenlib() skipped cell "FILLCELL_X32" due to dont_use attribute.
ABC: Scl_LibertyReadGenlib() skipped cell "LOGIC0_X1" due to dont_use attribute.
ABC: Scl_LibertyReadGenlib() skipped cell "LOGIC1_X1" due to dont_use attribute.
ABC: Scl_LibertyReadGenlib() skipped sequential cell "SDFFRS_X1".
ABC: Scl_LibertyReadGenlib() skipped sequential cell "SDFFRS_X2".
ABC: Scl_LibertyReadGenlib() skipped sequential cell "SDFFR_X1".
ABC: Scl_LibertyReadGenlib() skipped sequential cell "SDFFR_X2".
ABC: Scl_LibertyReadGenlib() skipped sequential cell "SDFFS_X1".
ABC: Scl_LibertyReadGenlib() skipped sequential cell "SDFFS_X2".
ABC: Scl_LibertyReadGenlib() skipped sequential cell "SDFF_X1".
ABC: Scl_LibertyReadGenlib() skipped sequential cell "SDFF_X2".
ABC: Scl_LibertyReadGenlib() skipped three-state cell "TBUF_X1".
ABC: Scl_LibertyReadGenlib() skipped three-state cell "TBUF_X2".
ABC: Scl_LibertyReadGenlib() skipped three-state cell "TBUF_X4".
ABC: Scl_LibertyReadGenlib() skipped three-state cell "TBUF_X8".
ABC: Scl_LibertyReadGenlib() skipped three-state cell "TBUF_X16".
ABC: Scl_LibertyReadGenlib() skipped three-state cell "TINV_X1".
ABC: Scl_LibertyReadGenlib() skipped sequential cell "TLAT_X1".
ABC: Library "NangateOpenCellLibrary" from "D:\computer_architecture\riscv/synthesis/lib/NangateOpenCellLibrary_typical.lib" has 90 cells (45 skipped: 21 seq; 6 tri-state; 8 no func; 10 dont_use; 0 with 2 outputs; 0 with 3+ outputs).  Time =     0.06 sec
ABC: Memory =    8.88 MB. Time =     0.06 sec
ABC: Warning: Detected 2 multi-output cells (for example, "FA_X1").
ABC: + strash 
ABC: + &get -n 
ABC: + &fraig -x 
ABC: + &put 
ABC: + scorr 
ABC: Warning: The network is combinational (run "fraig" or "fraig_sweep").
ABC: + dc2 
ABC: + dretime 
ABC: + strash 
ABC: + &get -n 
ABC: + &dch -f 
ABC: + &nf 
ABC: + &put 
ABC: + write_blif <abc-temp-dir>/output.blif 

13.2.2. Re-integrating ABC results.
ABC RESULTS:           AND2_X1 cells:        9
ABC RESULTS:           AND3_X1 cells:       12
ABC RESULTS:           AND4_X1 cells:      113
ABC RESULTS:         AOI211_X1 cells:      187
ABC RESULTS:          AOI21_X1 cells:       90
ABC RESULTS:         AOI221_X1 cells:      184
ABC RESULTS:         AOI222_X1 cells:       11
ABC RESULTS:          AOI22_X1 cells:       27
ABC RESULTS:            INV_X1 cells:      282
ABC RESULTS:           MUX2_X1 cells:      992
ABC RESULTS:          NAND2_X1 cells:       43
ABC RESULTS:          NAND3_X1 cells:       33
ABC RESULTS:          NAND4_X1 cells:       28
ABC RESULTS:           NOR2_X1 cells:      318
ABC RESULTS:           NOR3_X1 cells:       42
ABC RESULTS:           NOR4_X1 cells:       50
ABC RESULTS:         OAI211_X1 cells:        3
ABC RESULTS:          OAI21_X1 cells:       22
ABC RESULTS:         OAI221_X1 cells:       11
ABC RESULTS:         OAI222_X1 cells:       35
ABC RESULTS:          OAI22_X1 cells:      363
ABC RESULTS:          OAI33_X1 cells:       78
ABC RESULTS:            OR2_X1 cells:       16
ABC RESULTS:            OR3_X1 cells:       11
ABC RESULTS:            OR4_X1 cells:        4
ABC RESULTS:        internal signals:     4770
ABC RESULTS:           input signals:     1713
ABC RESULTS:          output signals:     1056
Removing temp directory.

13.3. Extracting gate netlist of module `\program_counter' to `<abc-temp-dir>/input.blif'..
Don't call ABC as there is nothing to map.

13.3.1. Executed ABC.
Extracted 0 gates and 0 wires to a netlist network with 0 inputs and 0 outputs.
Removing temp directory.

13.4. Extracting gate netlist of module `\main_decoder' to `<abc-temp-dir>/input.blif'..

13.4.1. Executed ABC.
Extracted 55 gates and 62 wires to a netlist network with 7 inputs and 13 outputs.
Running ABC script: <abc-temp-dir>/abc.script
ABC: ======== ABC command line "source <abc-temp-dir>/abc.script"
ABC: + read_blif <abc-temp-dir>/input.blif 
ABC: + read_lib -w D:\computer_architecture\riscv/synthesis/lib/NangateOpenCellLibrary_typical.lib 
ABC: Parsing finished successfully.  Parsing time =     0.03 sec
ABC: Scl_LibertyReadGenlib() skipped cell "ANTENNA_X1" due to dont_use attribute.
ABC: Scl_LibertyReadGenlib() skipped cell "CLKGATETST_X1" without logic function.
ABC: Scl_LibertyReadGenlib() skipped cell "CLKGATETST_X2" without logic function.
ABC: Scl_LibertyReadGenlib() skipped cell "CLKGATETST_X4" without logic function.
ABC: Scl_LibertyReadGenlib() skipped cell "CLKGATETST_X8" without logic function.
ABC: Scl_LibertyReadGenlib() skipped cell "CLKGATE_X1" without logic function.
ABC: Scl_LibertyReadGenlib() skipped cell "CLKGATE_X2" without logic function.
ABC: Scl_LibertyReadGenlib() skipped cell "CLKGATE_X4" without logic function.
ABC: Scl_LibertyReadGenlib() skipped cell "CLKGATE_X8" without logic function.
ABC: Scl_LibertyReadGenlib() skipped sequential cell "DFFRS_X1".
ABC: Scl_LibertyReadGenlib() skipped sequential cell "DFFRS_X2".
ABC: Scl_LibertyReadGenlib() skipped sequential cell "DFFR_X1".
ABC: Scl_LibertyReadGenlib() skipped sequential cell "DFFR_X2".
ABC: Scl_LibertyReadGenlib() skipped sequential cell "DFFS_X1".
ABC: Scl_LibertyReadGenlib() skipped sequential cell "DFFS_X2".
ABC: Scl_LibertyReadGenlib() skipped sequential cell "DFF_X1".
ABC: Scl_LibertyReadGenlib() skipped sequential cell "DFF_X2".
ABC: Scl_LibertyReadGenlib() skipped sequential cell "DLH_X1".
ABC: Scl_LibertyReadGenlib() skipped sequential cell "DLH_X2".
ABC: Scl_LibertyReadGenlib() skipped sequential cell "DLL_X1".
ABC: Scl_LibertyReadGenlib() skipped sequential cell "DLL_X2".
ABC: Scl_LibertyReadGenlib() skipped cell "FILLCELL_X1" due to dont_use attribute.
ABC: Scl_LibertyReadGenlib() skipped cell "TAPCELL_X1" due to dont_use attribute.
ABC: Scl_LibertyReadGenlib() skipped cell "FILLCELL_X2" due to dont_use attribute.
ABC: Scl_LibertyReadGenlib() skipped cell "FILLCELL_X4" due to dont_use attribute.
ABC: Scl_LibertyReadGenlib() skipped cell "FILLCELL_X8" due to dont_use attribute.
ABC: Scl_LibertyReadGenlib() skipped cell "FILLCELL_X16" due to dont_use attribute.
ABC: Scl_LibertyReadGenlib() skipped cell "FILLCELL_X32" due to dont_use attribute.
ABC: Scl_LibertyReadGenlib() skipped cell "LOGIC0_X1" due to dont_use attribute.
ABC: Scl_LibertyReadGenlib() skipped cell "LOGIC1_X1" due to dont_use attribute.
ABC: Scl_LibertyReadGenlib() skipped sequential cell "SDFFRS_X1".
ABC: Scl_LibertyReadGenlib() skipped sequential cell "SDFFRS_X2".
ABC: Scl_LibertyReadGenlib() skipped sequential cell "SDFFR_X1".
ABC: Scl_LibertyReadGenlib() skipped sequential cell "SDFFR_X2".
ABC: Scl_LibertyReadGenlib() skipped sequential cell "SDFFS_X1".
ABC: Scl_LibertyReadGenlib() skipped sequential cell "SDFFS_X2".
ABC: Scl_LibertyReadGenlib() skipped sequential cell "SDFF_X1".
ABC: Scl_LibertyReadGenlib() skipped sequential cell "SDFF_X2".
ABC: Scl_LibertyReadGenlib() skipped three-state cell "TBUF_X1".
ABC: Scl_LibertyReadGenlib() skipped three-state cell "TBUF_X2".
ABC: Scl_LibertyReadGenlib() skipped three-state cell "TBUF_X4".
ABC: Scl_LibertyReadGenlib() skipped three-state cell "TBUF_X8".
ABC: Scl_LibertyReadGenlib() skipped three-state cell "TBUF_X16".
ABC: Scl_LibertyReadGenlib() skipped three-state cell "TINV_X1".
ABC: Scl_LibertyReadGenlib() skipped sequential cell "TLAT_X1".
ABC: Library "NangateOpenCellLibrary" from "D:\computer_architecture\riscv/synthesis/lib/NangateOpenCellLibrary_typical.lib" has 90 cells (45 skipped: 21 seq; 6 tri-state; 8 no func; 10 dont_use; 0 with 2 outputs; 0 with 3+ outputs).  Time =     0.06 sec
ABC: Memory =    8.88 MB. Time =     0.06 sec
ABC: Warning: Detected 2 multi-output cells (for example, "FA_X1").
ABC: + strash 
ABC: + &get -n 
ABC: + &fraig -x 
ABC: + &put 
ABC: + scorr 
ABC: Warning: The network is combinational (run "fraig" or "fraig_sweep").
ABC: + dc2 
ABC: + dretime 
ABC: + strash 
ABC: + &get -n 
ABC: + &dch -f 
ABC: + &nf 
ABC: + &put 
ABC: + write_blif <abc-temp-dir>/output.blif 

13.4.2. Re-integrating ABC results.
ABC RESULTS:           AND2_X1 cells:        1
ABC RESULTS:           AND4_X1 cells:        1
ABC RESULTS:          AOI22_X1 cells:        1
ABC RESULTS:            INV_X1 cells:        5
ABC RESULTS:          NAND2_X1 cells:        3
ABC RESULTS:          NAND3_X1 cells:        2
ABC RESULTS:          NAND4_X1 cells:        1
ABC RESULTS:           NOR2_X1 cells:        1
ABC RESULTS:           NOR3_X1 cells:        1
ABC RESULTS:           NOR4_X1 cells:        3
ABC RESULTS:          OAI21_X1 cells:        2
ABC RESULTS:         OAI221_X1 cells:        2
ABC RESULTS:            OR2_X1 cells:        4
ABC RESULTS:            OR3_X1 cells:        1
ABC RESULTS:            OR4_X1 cells:        2
ABC RESULTS:        internal signals:       42
ABC RESULTS:           input signals:        7
ABC RESULTS:          output signals:       13
Removing temp directory.

13.5. Extracting gate netlist of module `\instruction_memory' to `<abc-temp-dir>/input.blif'..

13.5.1. Executed ABC.
Extracted 223 gates and 229 wires to a netlist network with 6 inputs and 27 outputs.
Running ABC script: <abc-temp-dir>/abc.script
ABC: ======== ABC command line "source <abc-temp-dir>/abc.script"
ABC: + read_blif <abc-temp-dir>/input.blif 
ABC: + read_lib -w D:\computer_architecture\riscv/synthesis/lib/NangateOpenCellLibrary_typical.lib 
ABC: Parsing finished successfully.  Parsing time =     0.03 sec
ABC: Scl_LibertyReadGenlib() skipped cell "ANTENNA_X1" due to dont_use attribute.
ABC: Scl_LibertyReadGenlib() skipped cell "CLKGATETST_X1" without logic function.
ABC: Scl_LibertyReadGenlib() skipped cell "CLKGATETST_X2" without logic function.
ABC: Scl_LibertyReadGenlib() skipped cell "CLKGATETST_X4" without logic function.
ABC: Scl_LibertyReadGenlib() skipped cell "CLKGATETST_X8" without logic function.
ABC: Scl_LibertyReadGenlib() skipped cell "CLKGATE_X1" without logic function.
ABC: Scl_LibertyReadGenlib() skipped cell "CLKGATE_X2" without logic function.
ABC: Scl_LibertyReadGenlib() skipped cell "CLKGATE_X4" without logic function.
ABC: Scl_LibertyReadGenlib() skipped cell "CLKGATE_X8" without logic function.
ABC: Scl_LibertyReadGenlib() skipped sequential cell "DFFRS_X1".
ABC: Scl_LibertyReadGenlib() skipped sequential cell "DFFRS_X2".
ABC: Scl_LibertyReadGenlib() skipped sequential cell "DFFR_X1".
ABC: Scl_LibertyReadGenlib() skipped sequential cell "DFFR_X2".
ABC: Scl_LibertyReadGenlib() skipped sequential cell "DFFS_X1".
ABC: Scl_LibertyReadGenlib() skipped sequential cell "DFFS_X2".
ABC: Scl_LibertyReadGenlib() skipped sequential cell "DFF_X1".
ABC: Scl_LibertyReadGenlib() skipped sequential cell "DFF_X2".
ABC: Scl_LibertyReadGenlib() skipped sequential cell "DLH_X1".
ABC: Scl_LibertyReadGenlib() skipped sequential cell "DLH_X2".
ABC: Scl_LibertyReadGenlib() skipped sequential cell "DLL_X1".
ABC: Scl_LibertyReadGenlib() skipped sequential cell "DLL_X2".
ABC: Scl_LibertyReadGenlib() skipped cell "FILLCELL_X1" due to dont_use attribute.
ABC: Scl_LibertyReadGenlib() skipped cell "TAPCELL_X1" due to dont_use attribute.
ABC: Scl_LibertyReadGenlib() skipped cell "FILLCELL_X2" due to dont_use attribute.
ABC: Scl_LibertyReadGenlib() skipped cell "FILLCELL_X4" due to dont_use attribute.
ABC: Scl_LibertyReadGenlib() skipped cell "FILLCELL_X8" due to dont_use attribute.
ABC: Scl_LibertyReadGenlib() skipped cell "FILLCELL_X16" due to dont_use attribute.
ABC: Scl_LibertyReadGenlib() skipped cell "FILLCELL_X32" due to dont_use attribute.
ABC: Scl_LibertyReadGenlib() skipped cell "LOGIC0_X1" due to dont_use attribute.
ABC: Scl_LibertyReadGenlib() skipped cell "LOGIC1_X1" due to dont_use attribute.
ABC: Scl_LibertyReadGenlib() skipped sequential cell "SDFFRS_X1".
ABC: Scl_LibertyReadGenlib() skipped sequential cell "SDFFRS_X2".
ABC: Scl_LibertyReadGenlib() skipped sequential cell "SDFFR_X1".
ABC: Scl_LibertyReadGenlib() skipped sequential cell "SDFFR_X2".
ABC: Scl_LibertyReadGenlib() skipped sequential cell "SDFFS_X1".
ABC: Scl_LibertyReadGenlib() skipped sequential cell "SDFFS_X2".
ABC: Scl_LibertyReadGenlib() skipped sequential cell "SDFF_X1".
ABC: Scl_LibertyReadGenlib() skipped sequential cell "SDFF_X2".
ABC: Scl_LibertyReadGenlib() skipped three-state cell "TBUF_X1".
ABC: Scl_LibertyReadGenlib() skipped three-state cell "TBUF_X2".
ABC: Scl_LibertyReadGenlib() skipped three-state cell "TBUF_X4".
ABC: Scl_LibertyReadGenlib() skipped three-state cell "TBUF_X8".
ABC: Scl_LibertyReadGenlib() skipped three-state cell "TBUF_X16".
ABC: Scl_LibertyReadGenlib() skipped three-state cell "TINV_X1".
ABC: Scl_LibertyReadGenlib() skipped sequential cell "TLAT_X1".
ABC: Library "NangateOpenCellLibrary" from "D:\computer_architecture\riscv/synthesis/lib/NangateOpenCellLibrary_typical.lib" has 90 cells (45 skipped: 21 seq; 6 tri-state; 8 no func; 10 dont_use; 0 with 2 outputs; 0 with 3+ outputs).  Time =     0.06 sec
ABC: Memory =    8.88 MB. Time =     0.06 sec
ABC: Warning: Detected 2 multi-output cells (for example, "FA_X1").
ABC: + strash 
ABC: + &get -n 
ABC: + &fraig -x 
ABC: + &put 
ABC: + scorr 
ABC: Warning: The network is combinational (run "fraig" or "fraig_sweep").
ABC: + dc2 
ABC: + dretime 
ABC: + strash 
ABC: + &get -n 
ABC: + &dch -f 
ABC: + &nf 
ABC: + &put 
ABC: + write_blif <abc-temp-dir>/output.blif 

13.5.2. Re-integrating ABC results.
ABC RESULTS:           AND2_X1 cells:        5
ABC RESULTS:           AND3_X1 cells:        2
ABC RESULTS:         AOI211_X1 cells:        9
ABC RESULTS:          AOI21_X1 cells:       27
ABC RESULTS:         AOI221_X1 cells:        2
ABC RESULTS:          AOI22_X1 cells:        3
ABC RESULTS:            INV_X1 cells:        8
ABC RESULTS:           MUX2_X1 cells:        2
ABC RESULTS:          NAND2_X1 cells:       28
ABC RESULTS:          NAND3_X1 cells:       15
ABC RESULTS:          NAND4_X1 cells:        3
ABC RESULTS:           NOR2_X1 cells:       26
ABC RESULTS:           NOR3_X1 cells:        7
ABC RESULTS:         OAI211_X1 cells:       12
ABC RESULTS:          OAI21_X1 cells:       19
ABC RESULTS:         OAI221_X1 cells:        5
ABC RESULTS:         OAI222_X1 cells:        1
ABC RESULTS:          OAI22_X1 cells:        7
ABC RESULTS:          OAI33_X1 cells:        2
ABC RESULTS:            OR2_X1 cells:        8
ABC RESULTS:            OR3_X1 cells:        7
ABC RESULTS:          XNOR2_X1 cells:        1
ABC RESULTS:        internal signals:      196
ABC RESULTS:           input signals:        6
ABC RESULTS:          output signals:       27
Removing temp directory.

13.6. Extracting gate netlist of module `\extend_imm' to `<abc-temp-dir>/input.blif'..

13.6.1. Executed ABC.
Extracted 180 gates and 208 wires to a netlist network with 28 inputs and 32 outputs.
Running ABC script: <abc-temp-dir>/abc.script
ABC: ======== ABC command line "source <abc-temp-dir>/abc.script"
ABC: + read_blif <abc-temp-dir>/input.blif 
ABC: + read_lib -w D:\computer_architecture\riscv/synthesis/lib/NangateOpenCellLibrary_typical.lib 
ABC: Parsing finished successfully.  Parsing time =     0.03 sec
ABC: Scl_LibertyReadGenlib() skipped cell "ANTENNA_X1" due to dont_use attribute.
ABC: Scl_LibertyReadGenlib() skipped cell "CLKGATETST_X1" without logic function.
ABC: Scl_LibertyReadGenlib() skipped cell "CLKGATETST_X2" without logic function.
ABC: Scl_LibertyReadGenlib() skipped cell "CLKGATETST_X4" without logic function.
ABC: Scl_LibertyReadGenlib() skipped cell "CLKGATETST_X8" without logic function.
ABC: Scl_LibertyReadGenlib() skipped cell "CLKGATE_X1" without logic function.
ABC: Scl_LibertyReadGenlib() skipped cell "CLKGATE_X2" without logic function.
ABC: Scl_LibertyReadGenlib() skipped cell "CLKGATE_X4" without logic function.
ABC: Scl_LibertyReadGenlib() skipped cell "CLKGATE_X8" without logic function.
ABC: Scl_LibertyReadGenlib() skipped sequential cell "DFFRS_X1".
ABC: Scl_LibertyReadGenlib() skipped sequential cell "DFFRS_X2".
ABC: Scl_LibertyReadGenlib() skipped sequential cell "DFFR_X1".
ABC: Scl_LibertyReadGenlib() skipped sequential cell "DFFR_X2".
ABC: Scl_LibertyReadGenlib() skipped sequential cell "DFFS_X1".
ABC: Scl_LibertyReadGenlib() skipped sequential cell "DFFS_X2".
ABC: Scl_LibertyReadGenlib() skipped sequential cell "DFF_X1".
ABC: Scl_LibertyReadGenlib() skipped sequential cell "DFF_X2".
ABC: Scl_LibertyReadGenlib() skipped sequential cell "DLH_X1".
ABC: Scl_LibertyReadGenlib() skipped sequential cell "DLH_X2".
ABC: Scl_LibertyReadGenlib() skipped sequential cell "DLL_X1".
ABC: Scl_LibertyReadGenlib() skipped sequential cell "DLL_X2".
ABC: Scl_LibertyReadGenlib() skipped cell "FILLCELL_X1" due to dont_use attribute.
ABC: Scl_LibertyReadGenlib() skipped cell "TAPCELL_X1" due to dont_use attribute.
ABC: Scl_LibertyReadGenlib() skipped cell "FILLCELL_X2" due to dont_use attribute.
ABC: Scl_LibertyReadGenlib() skipped cell "FILLCELL_X4" due to dont_use attribute.
ABC: Scl_LibertyReadGenlib() skipped cell "FILLCELL_X8" due to dont_use attribute.
ABC: Scl_LibertyReadGenlib() skipped cell "FILLCELL_X16" due to dont_use attribute.
ABC: Scl_LibertyReadGenlib() skipped cell "FILLCELL_X32" due to dont_use attribute.
ABC: Scl_LibertyReadGenlib() skipped cell "LOGIC0_X1" due to dont_use attribute.
ABC: Scl_LibertyReadGenlib() skipped cell "LOGIC1_X1" due to dont_use attribute.
ABC: Scl_LibertyReadGenlib() skipped sequential cell "SDFFRS_X1".
ABC: Scl_LibertyReadGenlib() skipped sequential cell "SDFFRS_X2".
ABC: Scl_LibertyReadGenlib() skipped sequential cell "SDFFR_X1".
ABC: Scl_LibertyReadGenlib() skipped sequential cell "SDFFR_X2".
ABC: Scl_LibertyReadGenlib() skipped sequential cell "SDFFS_X1".
ABC: Scl_LibertyReadGenlib() skipped sequential cell "SDFFS_X2".
ABC: Scl_LibertyReadGenlib() skipped sequential cell "SDFF_X1".
ABC: Scl_LibertyReadGenlib() skipped sequential cell "SDFF_X2".
ABC: Scl_LibertyReadGenlib() skipped three-state cell "TBUF_X1".
ABC: Scl_LibertyReadGenlib() skipped three-state cell "TBUF_X2".
ABC: Scl_LibertyReadGenlib() skipped three-state cell "TBUF_X4".
ABC: Scl_LibertyReadGenlib() skipped three-state cell "TBUF_X8".
ABC: Scl_LibertyReadGenlib() skipped three-state cell "TBUF_X16".
ABC: Scl_LibertyReadGenlib() skipped three-state cell "TINV_X1".
ABC: Scl_LibertyReadGenlib() skipped sequential cell "TLAT_X1".
ABC: Library "NangateOpenCellLibrary" from "D:\computer_architecture\riscv/synthesis/lib/NangateOpenCellLibrary_typical.lib" has 90 cells (45 skipped: 21 seq; 6 tri-state; 8 no func; 10 dont_use; 0 with 2 outputs; 0 with 3+ outputs).  Time =     0.06 sec
ABC: Memory =    8.88 MB. Time =     0.06 sec
ABC: Warning: Detected 2 multi-output cells (for example, "FA_X1").
ABC: + strash 
ABC: + &get -n 
ABC: + &fraig -x 
ABC: + &put 
ABC: + scorr 
ABC: Warning: The network is combinational (run "fraig" or "fraig_sweep").
ABC: + dc2 
ABC: + dretime 
ABC: + strash 
ABC: + &get -n 
ABC: + &dch -f 
ABC: + &nf 
ABC: + &put 
ABC: + write_blif <abc-temp-dir>/output.blif 

13.6.2. Re-integrating ABC results.
ABC RESULTS:          AOI21_X1 cells:        2
ABC RESULTS:         AOI222_X1 cells:        1
ABC RESULTS:            INV_X1 cells:       26
ABC RESULTS:          NAND2_X1 cells:        7
ABC RESULTS:          NAND3_X1 cells:        2
ABC RESULTS:           NOR2_X1 cells:       10
ABC RESULTS:           NOR3_X1 cells:        2
ABC RESULTS:          OAI21_X1 cells:       19
ABC RESULTS:          OAI22_X1 cells:        4
ABC RESULTS:        internal signals:      148
ABC RESULTS:           input signals:       28
ABC RESULTS:          output signals:       32
Removing temp directory.

13.7. Extracting gate netlist of module `\data_path' to `<abc-temp-dir>/input.blif'..

13.7.1. Executed ABC.
Extracted 761 gates and 959 wires to a netlist network with 198 inputs and 128 outputs.
Running ABC script: <abc-temp-dir>/abc.script
ABC: ======== ABC command line "source <abc-temp-dir>/abc.script"
ABC: + read_blif <abc-temp-dir>/input.blif 
ABC: + read_lib -w D:\computer_architecture\riscv/synthesis/lib/NangateOpenCellLibrary_typical.lib 
ABC: Parsing finished successfully.  Parsing time =     0.02 sec
ABC: Scl_LibertyReadGenlib() skipped cell "ANTENNA_X1" due to dont_use attribute.
ABC: Scl_LibertyReadGenlib() skipped cell "CLKGATETST_X1" without logic function.
ABC: Scl_LibertyReadGenlib() skipped cell "CLKGATETST_X2" without logic function.
ABC: Scl_LibertyReadGenlib() skipped cell "CLKGATETST_X4" without logic function.
ABC: Scl_LibertyReadGenlib() skipped cell "CLKGATETST_X8" without logic function.
ABC: Scl_LibertyReadGenlib() skipped cell "CLKGATE_X1" without logic function.
ABC: Scl_LibertyReadGenlib() skipped cell "CLKGATE_X2" without logic function.
ABC: Scl_LibertyReadGenlib() skipped cell "CLKGATE_X4" without logic function.
ABC: Scl_LibertyReadGenlib() skipped cell "CLKGATE_X8" without logic function.
ABC: Scl_LibertyReadGenlib() skipped sequential cell "DFFRS_X1".
ABC: Scl_LibertyReadGenlib() skipped sequential cell "DFFRS_X2".
ABC: Scl_LibertyReadGenlib() skipped sequential cell "DFFR_X1".
ABC: Scl_LibertyReadGenlib() skipped sequential cell "DFFR_X2".
ABC: Scl_LibertyReadGenlib() skipped sequential cell "DFFS_X1".
ABC: Scl_LibertyReadGenlib() skipped sequential cell "DFFS_X2".
ABC: Scl_LibertyReadGenlib() skipped sequential cell "DFF_X1".
ABC: Scl_LibertyReadGenlib() skipped sequential cell "DFF_X2".
ABC: Scl_LibertyReadGenlib() skipped sequential cell "DLH_X1".
ABC: Scl_LibertyReadGenlib() skipped sequential cell "DLH_X2".
ABC: Scl_LibertyReadGenlib() skipped sequential cell "DLL_X1".
ABC: Scl_LibertyReadGenlib() skipped sequential cell "DLL_X2".
ABC: Scl_LibertyReadGenlib() skipped cell "FILLCELL_X1" due to dont_use attribute.
ABC: Scl_LibertyReadGenlib() skipped cell "TAPCELL_X1" due to dont_use attribute.
ABC: Scl_LibertyReadGenlib() skipped cell "FILLCELL_X2" due to dont_use attribute.
ABC: Scl_LibertyReadGenlib() skipped cell "FILLCELL_X4" due to dont_use attribute.
ABC: Scl_LibertyReadGenlib() skipped cell "FILLCELL_X8" due to dont_use attribute.
ABC: Scl_LibertyReadGenlib() skipped cell "FILLCELL_X16" due to dont_use attribute.
ABC: Scl_LibertyReadGenlib() skipped cell "FILLCELL_X32" due to dont_use attribute.
ABC: Scl_LibertyReadGenlib() skipped cell "LOGIC0_X1" due to dont_use attribute.
ABC: Scl_LibertyReadGenlib() skipped cell "LOGIC1_X1" due to dont_use attribute.
ABC: Scl_LibertyReadGenlib() skipped sequential cell "SDFFRS_X1".
ABC: Scl_LibertyReadGenlib() skipped sequential cell "SDFFRS_X2".
ABC: Scl_LibertyReadGenlib() skipped sequential cell "SDFFR_X1".
ABC: Scl_LibertyReadGenlib() skipped sequential cell "SDFFR_X2".
ABC: Scl_LibertyReadGenlib() skipped sequential cell "SDFFS_X1".
ABC: Scl_LibertyReadGenlib() skipped sequential cell "SDFFS_X2".
ABC: Scl_LibertyReadGenlib() skipped sequential cell "SDFF_X1".
ABC: Scl_LibertyReadGenlib() skipped sequential cell "SDFF_X2".
ABC: Scl_LibertyReadGenlib() skipped three-state cell "TBUF_X1".
ABC: Scl_LibertyReadGenlib() skipped three-state cell "TBUF_X2".
ABC: Scl_LibertyReadGenlib() skipped three-state cell "TBUF_X4".
ABC: Scl_LibertyReadGenlib() skipped three-state cell "TBUF_X8".
ABC: Scl_LibertyReadGenlib() skipped three-state cell "TBUF_X16".
ABC: Scl_LibertyReadGenlib() skipped three-state cell "TINV_X1".
ABC: Scl_LibertyReadGenlib() skipped sequential cell "TLAT_X1".
ABC: Library "NangateOpenCellLibrary" from "D:\computer_architecture\riscv/synthesis/lib/NangateOpenCellLibrary_typical.lib" has 90 cells (45 skipped: 21 seq; 6 tri-state; 8 no func; 10 dont_use; 0 with 2 outputs; 0 with 3+ outputs).  Time =     0.05 sec
ABC: Memory =    8.88 MB. Time =     0.05 sec
ABC: Warning: Detected 2 multi-output cells (for example, "FA_X1").
ABC: + strash 
ABC: + &get -n 
ABC: + &fraig -x 
ABC: + &put 
ABC: + scorr 
ABC: Warning: The network is combinational (run "fraig" or "fraig_sweep").
ABC: + dc2 
ABC: + dretime 
ABC: + strash 
ABC: + &get -n 
ABC: + &dch -f 
ABC: + &nf 
ABC: + &put 
ABC: + write_blif <abc-temp-dir>/output.blif 

13.7.2. Re-integrating ABC results.
ABC RESULTS:           AND2_X1 cells:       12
ABC RESULTS:         AOI211_X1 cells:        1
ABC RESULTS:          AOI21_X1 cells:       12
ABC RESULTS:         AOI222_X1 cells:       31
ABC RESULTS:          AOI22_X1 cells:        3
ABC RESULTS:            INV_X1 cells:       23
ABC RESULTS:           MUX2_X1 cells:       64
ABC RESULTS:          NAND2_X1 cells:       67
ABC RESULTS:          NAND3_X1 cells:        9
ABC RESULTS:          NAND4_X1 cells:        1
ABC RESULTS:           NOR2_X1 cells:       19
ABC RESULTS:         OAI211_X1 cells:        7
ABC RESULTS:          OAI21_X1 cells:       49
ABC RESULTS:         OAI221_X1 cells:       30
ABC RESULTS:            OR2_X1 cells:       11
ABC RESULTS:            OR3_X1 cells:        2
ABC RESULTS:          XNOR2_X1 cells:       62
ABC RESULTS:           XOR2_X1 cells:       26
ABC RESULTS:        internal signals:      633
ABC RESULTS:           input signals:      198
ABC RESULTS:          output signals:      128
Removing temp directory.

13.8. Extracting gate netlist of module `\control_unit' to `<abc-temp-dir>/input.blif'..

13.8.1. Executed ABC.
Extracted 19 gates and 27 wires to a netlist network with 8 inputs and 1 outputs.
Running ABC script: <abc-temp-dir>/abc.script
ABC: ======== ABC command line "source <abc-temp-dir>/abc.script"
ABC: + read_blif <abc-temp-dir>/input.blif 
ABC: + read_lib -w D:\computer_architecture\riscv/synthesis/lib/NangateOpenCellLibrary_typical.lib 
ABC: Parsing finished successfully.  Parsing time =     0.03 sec
ABC: Scl_LibertyReadGenlib() skipped cell "ANTENNA_X1" due to dont_use attribute.
ABC: Scl_LibertyReadGenlib() skipped cell "CLKGATETST_X1" without logic function.
ABC: Scl_LibertyReadGenlib() skipped cell "CLKGATETST_X2" without logic function.
ABC: Scl_LibertyReadGenlib() skipped cell "CLKGATETST_X4" without logic function.
ABC: Scl_LibertyReadGenlib() skipped cell "CLKGATETST_X8" without logic function.
ABC: Scl_LibertyReadGenlib() skipped cell "CLKGATE_X1" without logic function.
ABC: Scl_LibertyReadGenlib() skipped cell "CLKGATE_X2" without logic function.
ABC: Scl_LibertyReadGenlib() skipped cell "CLKGATE_X4" without logic function.
ABC: Scl_LibertyReadGenlib() skipped cell "CLKGATE_X8" without logic function.
ABC: Scl_LibertyReadGenlib() skipped sequential cell "DFFRS_X1".
ABC: Scl_LibertyReadGenlib() skipped sequential cell "DFFRS_X2".
ABC: Scl_LibertyReadGenlib() skipped sequential cell "DFFR_X1".
ABC: Scl_LibertyReadGenlib() skipped sequential cell "DFFR_X2".
ABC: Scl_LibertyReadGenlib() skipped sequential cell "DFFS_X1".
ABC: Scl_LibertyReadGenlib() skipped sequential cell "DFFS_X2".
ABC: Scl_LibertyReadGenlib() skipped sequential cell "DFF_X1".
ABC: Scl_LibertyReadGenlib() skipped sequential cell "DFF_X2".
ABC: Scl_LibertyReadGenlib() skipped sequential cell "DLH_X1".
ABC: Scl_LibertyReadGenlib() skipped sequential cell "DLH_X2".
ABC: Scl_LibertyReadGenlib() skipped sequential cell "DLL_X1".
ABC: Scl_LibertyReadGenlib() skipped sequential cell "DLL_X2".
ABC: Scl_LibertyReadGenlib() skipped cell "FILLCELL_X1" due to dont_use attribute.
ABC: Scl_LibertyReadGenlib() skipped cell "TAPCELL_X1" due to dont_use attribute.
ABC: Scl_LibertyReadGenlib() skipped cell "FILLCELL_X2" due to dont_use attribute.
ABC: Scl_LibertyReadGenlib() skipped cell "FILLCELL_X4" due to dont_use attribute.
ABC: Scl_LibertyReadGenlib() skipped cell "FILLCELL_X8" due to dont_use attribute.
ABC: Scl_LibertyReadGenlib() skipped cell "FILLCELL_X16" due to dont_use attribute.
ABC: Scl_LibertyReadGenlib() skipped cell "FILLCELL_X32" due to dont_use attribute.
ABC: Scl_LibertyReadGenlib() skipped cell "LOGIC0_X1" due to dont_use attribute.
ABC: Scl_LibertyReadGenlib() skipped cell "LOGIC1_X1" due to dont_use attribute.
ABC: Scl_LibertyReadGenlib() skipped sequential cell "SDFFRS_X1".
ABC: Scl_LibertyReadGenlib() skipped sequential cell "SDFFRS_X2".
ABC: Scl_LibertyReadGenlib() skipped sequential cell "SDFFR_X1".
ABC: Scl_LibertyReadGenlib() skipped sequential cell "SDFFR_X2".
ABC: Scl_LibertyReadGenlib() skipped sequential cell "SDFFS_X1".
ABC: Scl_LibertyReadGenlib() skipped sequential cell "SDFFS_X2".
ABC: Scl_LibertyReadGenlib() skipped sequential cell "SDFF_X1".
ABC: Scl_LibertyReadGenlib() skipped sequential cell "SDFF_X2".
ABC: Scl_LibertyReadGenlib() skipped three-state cell "TBUF_X1".
ABC: Scl_LibertyReadGenlib() skipped three-state cell "TBUF_X2".
ABC: Scl_LibertyReadGenlib() skipped three-state cell "TBUF_X4".
ABC: Scl_LibertyReadGenlib() skipped three-state cell "TBUF_X8".
ABC: Scl_LibertyReadGenlib() skipped three-state cell "TBUF_X16".
ABC: Scl_LibertyReadGenlib() skipped three-state cell "TINV_X1".
ABC: Scl_LibertyReadGenlib() skipped sequential cell "TLAT_X1".
ABC: Library "NangateOpenCellLibrary" from "D:\computer_architecture\riscv/synthesis/lib/NangateOpenCellLibrary_typical.lib" has 90 cells (45 skipped: 21 seq; 6 tri-state; 8 no func; 10 dont_use; 0 with 2 outputs; 0 with 3+ outputs).  Time =     0.06 sec
ABC: Memory =    8.88 MB. Time =     0.06 sec
ABC: Warning: Detected 2 multi-output cells (for example, "FA_X1").
ABC: + strash 
ABC: + &get -n 
ABC: + &fraig -x 
ABC: + &put 
ABC: + scorr 
ABC: Warning: The network is combinational (run "fraig" or "fraig_sweep").
ABC: + dc2 
ABC: + dretime 
ABC: + strash 
ABC: + &get -n 
ABC: + &dch -f 
ABC: + &nf 
ABC: + &put 
ABC: + write_blif <abc-temp-dir>/output.blif 

13.8.2. Re-integrating ABC results.
ABC RESULTS:          AOI21_X1 cells:        2
ABC RESULTS:            INV_X1 cells:        3
ABC RESULTS:           MUX2_X1 cells:        1
ABC RESULTS:           NOR3_X1 cells:        1
ABC RESULTS:          OAI21_X1 cells:        1
ABC RESULTS:            OR2_X1 cells:        1
ABC RESULTS:          XNOR2_X1 cells:        1
ABC RESULTS:        internal signals:       18
ABC RESULTS:           input signals:        8
ABC RESULTS:          output signals:        1
Removing temp directory.

13.9. Extracting gate netlist of module `\alu_decoder' to `<abc-temp-dir>/input.blif'..

13.9.1. Executed ABC.
Extracted 43 gates and 50 wires to a netlist network with 7 inputs and 3 outputs.
Running ABC script: <abc-temp-dir>/abc.script
ABC: ======== ABC command line "source <abc-temp-dir>/abc.script"
ABC: + read_blif <abc-temp-dir>/input.blif 
ABC: + read_lib -w D:\computer_architecture\riscv/synthesis/lib/NangateOpenCellLibrary_typical.lib 
ABC: Parsing finished successfully.  Parsing time =     0.03 sec
ABC: Scl_LibertyReadGenlib() skipped cell "ANTENNA_X1" due to dont_use attribute.
ABC: Scl_LibertyReadGenlib() skipped cell "CLKGATETST_X1" without logic function.
ABC: Scl_LibertyReadGenlib() skipped cell "CLKGATETST_X2" without logic function.
ABC: Scl_LibertyReadGenlib() skipped cell "CLKGATETST_X4" without logic function.
ABC: Scl_LibertyReadGenlib() skipped cell "CLKGATETST_X8" without logic function.
ABC: Scl_LibertyReadGenlib() skipped cell "CLKGATE_X1" without logic function.
ABC: Scl_LibertyReadGenlib() skipped cell "CLKGATE_X2" without logic function.
ABC: Scl_LibertyReadGenlib() skipped cell "CLKGATE_X4" without logic function.
ABC: Scl_LibertyReadGenlib() skipped cell "CLKGATE_X8" without logic function.
ABC: Scl_LibertyReadGenlib() skipped sequential cell "DFFRS_X1".
ABC: Scl_LibertyReadGenlib() skipped sequential cell "DFFRS_X2".
ABC: Scl_LibertyReadGenlib() skipped sequential cell "DFFR_X1".
ABC: Scl_LibertyReadGenlib() skipped sequential cell "DFFR_X2".
ABC: Scl_LibertyReadGenlib() skipped sequential cell "DFFS_X1".
ABC: Scl_LibertyReadGenlib() skipped sequential cell "DFFS_X2".
ABC: Scl_LibertyReadGenlib() skipped sequential cell "DFF_X1".
ABC: Scl_LibertyReadGenlib() skipped sequential cell "DFF_X2".
ABC: Scl_LibertyReadGenlib() skipped sequential cell "DLH_X1".
ABC: Scl_LibertyReadGenlib() skipped sequential cell "DLH_X2".
ABC: Scl_LibertyReadGenlib() skipped sequential cell "DLL_X1".
ABC: Scl_LibertyReadGenlib() skipped sequential cell "DLL_X2".
ABC: Scl_LibertyReadGenlib() skipped cell "FILLCELL_X1" due to dont_use attribute.
ABC: Scl_LibertyReadGenlib() skipped cell "TAPCELL_X1" due to dont_use attribute.
ABC: Scl_LibertyReadGenlib() skipped cell "FILLCELL_X2" due to dont_use attribute.
ABC: Scl_LibertyReadGenlib() skipped cell "FILLCELL_X4" due to dont_use attribute.
ABC: Scl_LibertyReadGenlib() skipped cell "FILLCELL_X8" due to dont_use attribute.
ABC: Scl_LibertyReadGenlib() skipped cell "FILLCELL_X16" due to dont_use attribute.
ABC: Scl_LibertyReadGenlib() skipped cell "FILLCELL_X32" due to dont_use attribute.
ABC: Scl_LibertyReadGenlib() skipped cell "LOGIC0_X1" due to dont_use attribute.
ABC: Scl_LibertyReadGenlib() skipped cell "LOGIC1_X1" due to dont_use attribute.
ABC: Scl_LibertyReadGenlib() skipped sequential cell "SDFFRS_X1".
ABC: Scl_LibertyReadGenlib() skipped sequential cell "SDFFRS_X2".
ABC: Scl_LibertyReadGenlib() skipped sequential cell "SDFFR_X1".
ABC: Scl_LibertyReadGenlib() skipped sequential cell "SDFFR_X2".
ABC: Scl_LibertyReadGenlib() skipped sequential cell "SDFFS_X1".
ABC: Scl_LibertyReadGenlib() skipped sequential cell "SDFFS_X2".
ABC: Scl_LibertyReadGenlib() skipped sequential cell "SDFF_X1".
ABC: Scl_LibertyReadGenlib() skipped sequential cell "SDFF_X2".
ABC: Scl_LibertyReadGenlib() skipped three-state cell "TBUF_X1".
ABC: Scl_LibertyReadGenlib() skipped three-state cell "TBUF_X2".
ABC: Scl_LibertyReadGenlib() skipped three-state cell "TBUF_X4".
ABC: Scl_LibertyReadGenlib() skipped three-state cell "TBUF_X8".
ABC: Scl_LibertyReadGenlib() skipped three-state cell "TBUF_X16".
ABC: Scl_LibertyReadGenlib() skipped three-state cell "TINV_X1".
ABC: Scl_LibertyReadGenlib() skipped sequential cell "TLAT_X1".
ABC: Library "NangateOpenCellLibrary" from "D:\computer_architecture\riscv/synthesis/lib/NangateOpenCellLibrary_typical.lib" has 90 cells (45 skipped: 21 seq; 6 tri-state; 8 no func; 10 dont_use; 0 with 2 outputs; 0 with 3+ outputs).  Time =     0.07 sec
ABC: Memory =    8.88 MB. Time =     0.07 sec
ABC: Warning: Detected 2 multi-output cells (for example, "FA_X1").
ABC: + strash 
ABC: + &get -n 
ABC: + &fraig -x 
ABC: + &put 
ABC: + scorr 
ABC: Warning: The network is combinational (run "fraig" or "fraig_sweep").
ABC: + dc2 
ABC: + dretime 
ABC: + strash 
ABC: + &get -n 
ABC: + &dch -f 
ABC: + &nf 
ABC: + &put 
ABC: + write_blif <abc-temp-dir>/output.blif 

13.9.2. Re-integrating ABC results.
ABC RESULTS:         AOI211_X1 cells:        1
ABC RESULTS:          AOI21_X1 cells:        2
ABC RESULTS:            INV_X1 cells:        6
ABC RESULTS:          NAND2_X1 cells:        1
ABC RESULTS:           NOR2_X1 cells:        1
ABC RESULTS:         OAI221_X1 cells:        1
ABC RESULTS:            OR2_X1 cells:        1
ABC RESULTS:            OR4_X1 cells:        2
ABC RESULTS:        internal signals:       40
ABC RESULTS:           input signals:        7
ABC RESULTS:          output signals:        3
Removing temp directory.

13.10. Extracting gate netlist of module `\alu' to `<abc-temp-dir>/input.blif'..

13.10.1. Executed ABC.
Extracted 1367 gates and 1435 wires to a netlist network with 68 inputs and 35 outputs.
Running ABC script: <abc-temp-dir>/abc.script
ABC: ======== ABC command line "source <abc-temp-dir>/abc.script"
ABC: + read_blif <abc-temp-dir>/input.blif 
ABC: + read_lib -w D:\computer_architecture\riscv/synthesis/lib/NangateOpenCellLibrary_typical.lib 
ABC: Parsing finished successfully.  Parsing time =     0.03 sec
ABC: Scl_LibertyReadGenlib() skipped cell "ANTENNA_X1" due to dont_use attribute.
ABC: Scl_LibertyReadGenlib() skipped cell "CLKGATETST_X1" without logic function.
ABC: Scl_LibertyReadGenlib() skipped cell "CLKGATETST_X2" without logic function.
ABC: Scl_LibertyReadGenlib() skipped cell "CLKGATETST_X4" without logic function.
ABC: Scl_LibertyReadGenlib() skipped cell "CLKGATETST_X8" without logic function.
ABC: Scl_LibertyReadGenlib() skipped cell "CLKGATE_X1" without logic function.
ABC: Scl_LibertyReadGenlib() skipped cell "CLKGATE_X2" without logic function.
ABC: Scl_LibertyReadGenlib() skipped cell "CLKGATE_X4" without logic function.
ABC: Scl_LibertyReadGenlib() skipped cell "CLKGATE_X8" without logic function.
ABC: Scl_LibertyReadGenlib() skipped sequential cell "DFFRS_X1".
ABC: Scl_LibertyReadGenlib() skipped sequential cell "DFFRS_X2".
ABC: Scl_LibertyReadGenlib() skipped sequential cell "DFFR_X1".
ABC: Scl_LibertyReadGenlib() skipped sequential cell "DFFR_X2".
ABC: Scl_LibertyReadGenlib() skipped sequential cell "DFFS_X1".
ABC: Scl_LibertyReadGenlib() skipped sequential cell "DFFS_X2".
ABC: Scl_LibertyReadGenlib() skipped sequential cell "DFF_X1".
ABC: Scl_LibertyReadGenlib() skipped sequential cell "DFF_X2".
ABC: Scl_LibertyReadGenlib() skipped sequential cell "DLH_X1".
ABC: Scl_LibertyReadGenlib() skipped sequential cell "DLH_X2".
ABC: Scl_LibertyReadGenlib() skipped sequential cell "DLL_X1".
ABC: Scl_LibertyReadGenlib() skipped sequential cell "DLL_X2".
ABC: Scl_LibertyReadGenlib() skipped cell "FILLCELL_X1" due to dont_use attribute.
ABC: Scl_LibertyReadGenlib() skipped cell "TAPCELL_X1" due to dont_use attribute.
ABC: Scl_LibertyReadGenlib() skipped cell "FILLCELL_X2" due to dont_use attribute.
ABC: Scl_LibertyReadGenlib() skipped cell "FILLCELL_X4" due to dont_use attribute.
ABC: Scl_LibertyReadGenlib() skipped cell "FILLCELL_X8" due to dont_use attribute.
ABC: Scl_LibertyReadGenlib() skipped cell "FILLCELL_X16" due to dont_use attribute.
ABC: Scl_LibertyReadGenlib() skipped cell "FILLCELL_X32" due to dont_use attribute.
ABC: Scl_LibertyReadGenlib() skipped cell "LOGIC0_X1" due to dont_use attribute.
ABC: Scl_LibertyReadGenlib() skipped cell "LOGIC1_X1" due to dont_use attribute.
ABC: Scl_LibertyReadGenlib() skipped sequential cell "SDFFRS_X1".
ABC: Scl_LibertyReadGenlib() skipped sequential cell "SDFFRS_X2".
ABC: Scl_LibertyReadGenlib() skipped sequential cell "SDFFR_X1".
ABC: Scl_LibertyReadGenlib() skipped sequential cell "SDFFR_X2".
ABC: Scl_LibertyReadGenlib() skipped sequential cell "SDFFS_X1".
ABC: Scl_LibertyReadGenlib() skipped sequential cell "SDFFS_X2".
ABC: Scl_LibertyReadGenlib() skipped sequential cell "SDFF_X1".
ABC: Scl_LibertyReadGenlib() skipped sequential cell "SDFF_X2".
ABC: Scl_LibertyReadGenlib() skipped three-state cell "TBUF_X1".
ABC: Scl_LibertyReadGenlib() skipped three-state cell "TBUF_X2".
ABC: Scl_LibertyReadGenlib() skipped three-state cell "TBUF_X4".
ABC: Scl_LibertyReadGenlib() skipped three-state cell "TBUF_X8".
ABC: Scl_LibertyReadGenlib() skipped three-state cell "TBUF_X16".
ABC: Scl_LibertyReadGenlib() skipped three-state cell "TINV_X1".
ABC: Scl_LibertyReadGenlib() skipped sequential cell "TLAT_X1".
ABC: Library "NangateOpenCellLibrary" from "D:\computer_architecture\riscv/synthesis/lib/NangateOpenCellLibrary_typical.lib" has 90 cells (45 skipped: 21 seq; 6 tri-state; 8 no func; 10 dont_use; 0 with 2 outputs; 0 with 3+ outputs).  Time =     0.06 sec
ABC: Memory =    8.88 MB. Time =     0.06 sec
ABC: Warning: Detected 2 multi-output cells (for example, "FA_X1").
ABC: + strash 
ABC: + &get -n 
ABC: + &fraig -x 
ABC: + &put 
ABC: + scorr 
ABC: Warning: The network is combinational (run "fraig" or "fraig_sweep").
ABC: + dc2 
ABC: + dretime 
ABC: + strash 
ABC: + &get -n 
ABC: + &dch -f 
ABC: + &nf 
ABC: + &put 
ABC: + write_blif <abc-temp-dir>/output.blif 

13.10.2. Re-integrating ABC results.
ABC RESULTS:           AND2_X1 cells:       22
ABC RESULTS:           AND3_X1 cells:        6
ABC RESULTS:           AND4_X1 cells:        1
ABC RESULTS:         AOI211_X1 cells:       29
ABC RESULTS:          AOI21_X1 cells:      142
ABC RESULTS:         AOI221_X1 cells:        9
ABC RESULTS:          AOI22_X1 cells:       13
ABC RESULTS:            INV_X1 cells:       69
ABC RESULTS:           MUX2_X1 cells:       87
ABC RESULTS:          NAND2_X1 cells:      149
ABC RESULTS:          NAND3_X1 cells:       61
ABC RESULTS:          NAND4_X1 cells:        1
ABC RESULTS:           NOR2_X1 cells:      160
ABC RESULTS:           NOR3_X1 cells:       49
ABC RESULTS:           NOR4_X1 cells:        5
ABC RESULTS:         OAI211_X1 cells:       30
ABC RESULTS:          OAI21_X1 cells:      114
ABC RESULTS:         OAI221_X1 cells:       22
ABC RESULTS:          OAI22_X1 cells:       10
ABC RESULTS:          OAI33_X1 cells:        7
ABC RESULTS:            OR2_X1 cells:       32
ABC RESULTS:            OR3_X1 cells:        7
ABC RESULTS:            OR4_X1 cells:        9
ABC RESULTS:          XNOR2_X1 cells:       24
ABC RESULTS:           XOR2_X1 cells:       17
ABC RESULTS:        internal signals:     1332
ABC RESULTS:           input signals:       68
ABC RESULTS:          output signals:       35
Removing temp directory.
Removing global temp directory.
Removed 0 unused cells and 11181 unused wires.

14. Executing Verilog backend.

14.1. Executing BMUXMAP pass.

14.2. Executing DEMUXMAP pass.
Dumping module `\alu'.
Dumping module `\alu_decoder'.
Dumping module `\control_unit'.
Dumping module `\data_path'.
Dumping module `\extend_imm'.
Dumping module `\instruction_memory'.
Dumping module `\main_decoder'.
Dumping module `\program_counter'.
Dumping module `\register_file'.
Dumping module `\top'.

Warnings: 1 unique messages, 1 total
End of script. Logfile hash: 08b689755e
Yosys 0.62+108 (git sha1 5f8489d36-dirty, x86_64-w64-mingw32-g++ 13.2.1 -O3)
Time spent: 1% 28x opt_expr (0 sec), 1% 20x opt_clean (0 sec), ...
